,bathrooms,bedrooms,city,country,currency,daysOnZillow,homeStatus,homeStatusForHDP,homeType,imgSrc,isFeatured,isNonOwnerOccupied,isPreforeclosureAuction,isPremierBuilder,isShowcaseListing,isUnmappable,isZillowOwned,latitude,livingArea,longitude,lotAreaUnit,lotAreaValue,price,priceForHDP,rentZestimate,shouldHighlight,state,streetAddress,taxAssessedValue,timeOnZillow,zipcode,zpid,listing_sub_type.is_FSBA,zestimate,unit,datePriceChanged,priceChange,priceReduction,newConstructionType,listing_sub_type.is_newHome,openHouse,listing_sub_type.is_comingSoon,listing_sub_type.is_openHouse,open_house_info.open_house_showing,comingSoonOnMarketDate,videoCount,isRentalWithBasePrice,listing_sub_type.is_forAuction,providerListingID,listing_sub_type.is_foreclosure
0,17.0,8.0,Staten Island,USA,USD,-1,FOR_SALE,FOR_SALE,SINGLE_FAMILY,https://photos.zillowstatic.com/fp/ca20ae5813d856e6dd30db235e023325-p_e.jpg,False,True,False,False,False,False,False,40.595013,33000.0,-74.10643,acres,1.58,18000000.0,18000000.0,3897.0,False,NY,177 Benedict Rd,4281000.0,7851138000,10304,32294383,True,,,,,,,,,,,,,,,,,
1,7.0,6.0,Staten Island,USA,USD,-1,FOR_SALE,FOR_SALE,SINGLE_FAMILY,https://photos.zillowstatic.com/fp/345e357ed110b052d3a915563bba56b0-p_e.jpg,False,True,False,False,False,False,False,40.622337,10375.0,-74.092865,acres,0.29,3695000.0,3695000.0,4048.0,False,NY,160 Bertha Pl,3256000.0,945049000,10301,32286379,True,3490900.0,,,,,,,,,,,,,,,,
2,2.0,3.0,Bronx,USA,USD,-1,FOR_SALE,FOR_SALE,CONDO,https://photos.zillowstatic.com/fp/136cea89fd254edd816b5acb5a67370d-p_e.jpg,False,True,False,False,False,False,False,40.84174,985.0,-73.88161,,,199000.0,199000.0,,False,NY,972 E 178th St #B,,1532888000,10460,443921727,True,201500.0,# B,,,,,,,,,,,,,,,
3,2.0,3.0,Staten Island,USA,USD,-1,FOR_SALE,FOR_SALE,SINGLE_FAMILY,https://photos.zillowstatic.com/fp/a12ec5f226fe1422565a337d638d8911-p_e.jpg,False,True,False,False,False,False,False,40.567387,1280.0,-74.12324,sqft,2613.6,599900.0,599900.0,2926.0,False,NY,9 Penn Ave,648000.0,16930715000,10306,32337581,True,,,1737619200000.0,-80000.0,"$80,000 (Jan 23)",,,,,,,,,,,,
4,2.0,3.0,Flushing,USA,USD,-1,FOR_SALE,FOR_SALE,SINGLE_FAMILY,https://photos.zillowstatic.com/fp/f2dad4cbfbd1cc8024bf03e955008ea7-p_e.jpg,False,True,False,False,False,False,False,40.73065,4000.0,-73.787605,sqft,4000.0,1088000.0,1088000.0,,False,NY,7325 182nd Street,951000.0,1026634000,11366,32078722,True,,,,,,,,,,,,,,,,,
5,1.0,3.0,South Ozone Park,USA,USD,-1,FOR_SALE,FOR_SALE,SINGLE_FAMILY,https://photos.zillowstatic.com/fp/269d6cfb6e42b085464e040463930deb-p_e.jpg,False,True,False,False,False,False,False,40.675747,1556.0,-73.82241,sqft,2400.0,274000.0,274000.0,2706.0,False,NY,115-30 116th St,,18150055000,11420,2078094339,True,,,,,,,,,,,,,,,,,
6,3.0,3.0,New York,USA,USD,-1,FOR_SALE,FOR_SALE,CONDO,https://photos.zillowstatic.com/fp/b05d68d02a928b83be2ff5d6da4a4233-p_e.jpg,False,True,False,False,False,False,False,40.764317,1800.0,-73.9776,,,475000.0,475000.0,15000.0,False,NY,100 W 57th St #17IH,,18731069000,10019,72519078,True,,# 17IH,,,,,,,,,,,,,,,
7,2.0,2.0,Brooklyn,USA,USD,-1,FOR_SALE,FOR_SALE,SINGLE_FAMILY,https://photos.zillowstatic.com/fp/90d6a260c7ef8d2077ab2bfba4583c36-p_e.jpg,False,True,False,False,False,False,False,40.645824,1200.0,-73.931046,sqft,2500.0,179000.0,179000.0,,False,NY,644 E 49th Street,560000.0,518850000,11203,30655689,True,,,,,,,,,,,,,,,,,
8,3.0,3.0,New York,USA,USD,-1,FOR_SALE,FOR_SALE,CONDO,https://photos.zillowstatic.com/fp/f2b2bf9bb80076dcc0d32fa72fbef180-p_e.jpg,False,True,False,False,False,False,False,40.77669,0.0,-73.96141,,,599000.0,599000.0,18499.0,False,NY,40 E 80th St APT 21A,30046000.0,20631869000,10075,244808481,True,,Apt 21A,1737705600000.0,-150000.0,"$150,000 (Jan 24)",,,,,,,,,,,,
9,3.0,3.0,Woodhaven,USA,USD,-1,FOR_SALE,FOR_SALE,SINGLE_FAMILY,https://photos.zillowstatic.com/fp/3ba62a2b301da388e73dd4d433b0295c-p_e.jpg,False,True,False,False,False,False,False,40.689354,1156.0,-73.85366,sqft,2100.0,699000.0,699000.0,,False,NY,8936 90th Street,630000.0,1542112000,11421,32109973,True,,,,,,,,,,,,,,,,,
10,10.0,8.0,New York,USA,USD,-1,FOR_SALE,FOR_SALE,CONDO,https://photos.zillowstatic.com/fp/4cbdaff39f1258cccfefa8129958ef20-p_e.jpg,False,True,False,False,False,False,False,40.7662,11535.0,-73.981,,,150000000.0,150000000.0,8718.0,False,NY,217 W 57th St #127/128,,24779069000,10019,2068952873,True,24228700.0,# 127/128,,,,,,,,,,,,,,,
11,2.0,3.0,New York,USA,USD,-1,FOR_SALE,FOR_SALE,CONDO,https://photos.zillowstatic.com/fp/fbdd2ff98695c152bf9c1ed9d4ce679b-p_e.jpg,False,True,False,False,False,False,False,40.763935,1335.0,-73.96417,,,550000.0,550000.0,,False,NY,205 E 63rd St APT 14D,,1191869000,10065,443678350,True,556700.0,Apt 14D,,,,,,,,,,,,,,,
12,3.0,4.0,Staten Island,USA,USD,-1,FOR_SALE,FOR_SALE,TOWNHOUSE,https://photos.zillowstatic.com/fp/98f56b14ba07443165822770b19a27a4-p_e.jpg,False,True,False,False,False,False,False,40.564392,1679.0,-74.18404,sqft,435.6,559888.0,559888.0,3592.0,False,NY,48 Bianca Ct,491000.0,1091571000,10312,32360043,True,560600.0,,,,,,,,,,,,,,,,
13,2.0,4.0,Staten Island,USA,USD,-1,FOR_SALE,FOR_SALE,SINGLE_FAMILY,https://photos.zillowstatic.com/fp/5bff6183bac3d8b9571343d2b3f1e64b-p_e.jpg,False,True,False,False,False,False,False,40.549862,2112.0,-74.18149,sqft,3920.4,759000.0,759000.0,3547.0,False,NY,575 Carlton Blvd,862000.0,526970000,10312,32359481,True,,,,,,,,,,,,,,,,,
14,2.0,3.0,Jamaica,USA,USD,-1,FOR_SALE,FOR_SALE,SINGLE_FAMILY,https://photos.zillowstatic.com/fp/310232525bdb4d5abdea93fcbead2ad2-p_e.jpg,False,True,False,False,False,False,False,40.685883,1224.0,-73.779526,,,349999.0,349999.0,,False,NY,116-49 167th Street,603000.0,1136837000,11434,32189291,True,,,1737360000000.0,-300000.0,"$300,000 (Jan 20)",,,,,,,,,,,,
15,3.0,3.0,Middle Village,USA,USD,-1,FOR_SALE,FOR_SALE,SINGLE_FAMILY,https://photos.zillowstatic.com/fp/c419872c667d7a3bf85da7778b2f1496-p_e.jpg,False,True,False,False,False,False,False,40.71778,,-73.8857,sqft,2000.0,699000.0,699000.0,4205.0,False,NY,62-48 70th Street,,12716058000,11379,2062240198,True,711200.0,,1730185200000.0,-30000.0,,,,,,,,,,,,,
16,3.0,4.0,Flushing,USA,USD,-1,FOR_SALE,FOR_SALE,MULTI_FAMILY,https://photos.zillowstatic.com/fp/c94df534bdc0c0bd8e19240abd0ec5c5-p_e.jpg,False,True,False,False,False,False,False,40.702953,3492.0,-73.89842,sqft,2017.0,1250000.0,1250000.0,,False,NY,6028 Catalpa Avenue,1293000.0,427601000,11385,32010028,True,,,,,,,,,,,,,,,,,
17,2.0,2.0,Staten Island,USA,USD,-1,FOR_SALE,FOR_SALE,SINGLE_FAMILY,https://photos.zillowstatic.com/fp/c778ea0a05d84d6a078b020dd6f8f63d-p_e.jpg,False,True,False,False,False,False,False,40.636288,1176.0,-74.13036,sqft,2178.0,499900.0,499900.0,,False,NY,29 Cottage Pl,488000.0,336959000,10302,32295842,True,,,1737705600000.0,20900.0,,,,,,,,,,,,,
18,3.0,3.0,Staten Island,USA,USD,-1,FOR_SALE,FOR_SALE,SINGLE_FAMILY,https://photos.zillowstatic.com/fp/49d8d095bd4eeeed67e2ef6874a8925b-p_e.jpg,False,True,False,False,False,False,False,40.540592,2160.0,-74.144424,sqft,3049.2,789800.0,789800.0,2629.0,False,NY,30 Dockside Ln,735000.0,359640000,10308,79735495,,779100.0,,,,,BUILDER_SPEC,True,,,,,,,,,,
19,2.0,2.0,Manhattan,USA,USD,-1,FOR_SALE,FOR_SALE,CONDO,https://photos.zillowstatic.com/fp/ef634b31c291e20928824599f4104e25-p_e.jpg,False,True,False,False,False,False,False,40.764317,1200.0,-73.9776,,,369000.0,369000.0,7334.0,False,NY,100 W 57th St APT 18G,,500669000,10019,72519065,True,365900.0,Apt 18G,,,,,,,,,,,,,,,
20,3.0,6.0,Staten Island,USA,USD,-1,FOR_SALE,FOR_SALE,MULTI_FAMILY,https://photos.zillowstatic.com/fp/24e08623b8536cacb4fee79972a33692-p_e.jpg,False,True,False,False,False,False,False,40.607544,2100.0,-74.07849,sqft,4300.0,950000.0,950000.0,2709.0,False,NY,47 Rockwell Ave,978000.0,344452000,10305,32321345,True,933200.0,,,,,,,,,,,,,,,,
21,2.0,2.0,New York,USA,USD,-1,FOR_SALE,FOR_SALE,CONDO,https://photos.zillowstatic.com/fp/1159e57b05b0ab56eeb34e1b656015b7-p_e.jpg,False,True,False,False,False,False,False,40.761642,0.0,-73.97012,,,595000.0,595000.0,6791.0,False,NY,465 Park Ave APT 34E,57044000.0,3179069000,10022,244701648,True,,Apt 34E,,,,,,,,,,,,,,,
22,3.0,3.0,Flushing,USA,USD,-1,FOR_SALE,FOR_SALE,SINGLE_FAMILY,https://photos.zillowstatic.com/fp/20228b1c0d2bccac704948e6279cbf71-p_e.jpg,False,True,False,False,False,False,False,40.773502,1107.0,-73.78316,sqft,4695.0,1298888.0,1298888.0,,False,NY,207-16 28th Avenue,1166000.0,348187000,11360,32057883,True,,,,,,,,,,,,,,,,,
23,2.0,4.0,Staten Island,USA,USD,-1,FOR_SALE,FOR_SALE,SINGLE_FAMILY,https://photos.zillowstatic.com/fp/f808ee2a95a1a0a3939dc2ab84e0b8c3-p_e.jpg,False,True,False,False,False,False,False,40.53855,1951.0,-74.20664,sqft,3920.4,995000.0,995000.0,3609.0,False,NY,935 Sheldon Ave,820000.0,508739000,10309,32370379,True,978300.0,,,,,,,,,,,,,,,,
24,3.0,3.0,Staten Island,USA,USD,-1,FOR_SALE,FOR_SALE,SINGLE_FAMILY,https://photos.zillowstatic.com/fp/8355b9383f59d3ccc6d28edcc07e8606-p_e.jpg,False,True,False,False,False,False,False,40.620808,1430.0,-74.1285,sqft,3484.8,819000.0,819000.0,3361.0,False,NY,145 Maine Ave,730000.0,441730000,10314,32281031,True,805900.0,,,,,,,,,,,,,,,,
25,1.0,2.0,Bronx,USA,USD,-1,FOR_SALE,FOR_SALE,CONDO,https://photos.zillowstatic.com/fp/338294c2b5ff2fbe4654dafe683c973e-p_e.jpg,False,True,False,False,False,False,False,40.879784,1000.0,-73.91769,,,175546.0,175546.0,2200.0,False,NY,80 Knolls Cres APT 1H,,587069000,10463,119916499,True,172500.0,Apt 1H,,,,,,,,,,,,,,,
26,2.0,2.0,Brooklyn,USA,USD,-1,FOR_SALE,FOR_SALE,CONDO,https://photos.zillowstatic.com/fp/54fd9c8b4d758aebe0ed1de5aa8f4826-p_e.jpg,False,True,False,False,False,False,False,40.665367,0.0,-73.98241,,,850000.0,850000.0,5372.0,False,NY,498 11th St APT 2,,1623869000,11215,124156785,True,890600.0,Apt 2,,,,,,,,,,,,,,,
27,3.0,3.0,Brooklyn,USA,USD,-1,FOR_SALE,FOR_SALE,SINGLE_FAMILY,https://photos.zillowstatic.com/fp/9f7a57facde851b9ce65bc3246a71b20-p_e.jpg,False,True,False,False,False,False,False,40.621002,1228.0,-73.92002,sqft,2000.0,750000.0,750000.0,,False,NY,1331 East 57th Street,748000.0,603478000,11234,30764822,True,,,,,,,,,,,,,,,,,
28,2.0,4.0,Staten Island,USA,USD,-1,FOR_SALE,FOR_SALE,SINGLE_FAMILY,https://photos.zillowstatic.com/fp/b745deb0bf8956ee7b4a55c1e3170b77-p_e.jpg,False,True,False,False,False,False,False,40.605442,1248.0,-74.12723,sqft,6969.6,599900.0,599900.0,3757.0,False,NY,268 Gansevoort Blvd,660000.0,515219000,10314,32290935,True,602500.0,,,,,,,,,,,,,,,,
29,2.0,3.0,Staten Island,USA,USD,-1,FOR_SALE,FOR_SALE,SINGLE_FAMILY,https://photos.zillowstatic.com/fp/03ae3591984fe5f3020e358400bd9038-p_e.jpg,False,True,False,False,False,False,False,40.542034,1208.0,-74.16926,sqft,3049.2,689000.0,689000.0,3305.0,False,NY,45 Vanessa Ln,683000.0,347765000,10312,58578466,True,684300.0,,,,,,,,,,,,,,,,
30,1.0,3.0,Bronx,USA,USD,-1,FOR_SALE,FOR_SALE,CONDO,https://photos.zillowstatic.com/fp/edee52e76de68669be34cdfea639c8df-p_e.jpg,False,True,False,False,False,False,False,40.848816,1100.0,-73.90534,,,275000.0,275000.0,3363.0,False,NY,212 E Tremont Ave #9,,11646269000,10457,2054481177,True,274200.0,# 9,1731571200000.0,-20000.0,"$20,000 (Nov 14)",,,,,,,,,,,,
31,3.0,3.0,Staten Island,USA,USD,-1,FOR_SALE,FOR_SALE,SINGLE_FAMILY,https://photos.zillowstatic.com/fp/a241edd7b79db6f8009ce14eaed3d448-p_e.jpg,False,True,False,False,False,False,False,40.55655,1480.0,-74.181274,sqft,2613.6,749900.0,749900.0,3098.0,False,NY,26 Woehrle Ave,673000.0,613173000,10312,32358277,True,741400.0,,,,,,,,,,,,,,,,
32,2.0,3.0,New York,USA,USD,-1,FOR_SALE,FOR_SALE,CONDO,https://photos.zillowstatic.com/fp/aa493e91c6ff12e8e2f456111f082c8f-p_e.jpg,False,True,False,False,False,False,False,40.799828,0.0,-73.95562,,,889000.0,889000.0,,False,NY,1947-C Adam C Powell Blvd UNIT 9,,19163069000,10026,442155609,True,903500.0,Unit 9,1733817600000.0,-90000.0,"$90,000 (Dec 10)",,,,,,,,,,,,
33,1.0,3.0,New York,USA,USD,-1,FOR_SALE,FOR_SALE,CONDO,https://photos.zillowstatic.com/fp/5f118976515780351f72f3be6a86a62a-p_e.jpg,False,True,False,False,False,False,False,40.821606,0.0,-73.94053,,,275000.0,275000.0,2817.0,False,NY,219 W 144th St APT 34,,10350269000,10030,88061828,True,263300.0,Apt 34,,,,,,,,,,,,,,,
34,1.0,3.0,Staten Island,USA,USD,-1,FOR_SALE,FOR_SALE,SINGLE_FAMILY,https://photos.zillowstatic.com/fp/d5ed20588885ceae629ab94b4418f2dd-p_e.jpg,False,True,False,False,False,False,False,40.536896,1200.0,-74.15911,sqft,5662.8,699999.0,699999.0,3076.0,False,NY,17 Shirley Ave,688000.0,686293000,10312,32349963,True,692600.0,,,,,,,,,,,,,,,,
35,3.0,4.0,Queens Village,USA,USD,-1,FOR_SALE,FOR_SALE,SINGLE_FAMILY,https://photos.zillowstatic.com/fp/c900266c15f7c40fa17a2d880a9283a0-p_e.jpg,False,True,False,False,False,False,False,40.705578,1340.0,-73.74568,sqft,2871.0,849000.0,849000.0,,False,NY,209-45 112 Ave,674000.0,238331000,11429,32161578,True,,,,,,,,,,,,,,,,,
36,3.0,3.0,Brooklyn,USA,USD,-1,FOR_SALE,FOR_SALE,SINGLE_FAMILY,https://photos.zillowstatic.com/fp/8c625ace15eb63083f8945a753656981-p_e.jpg,False,True,False,False,False,False,False,40.620674,2160.0,-74.03482,,,1425000.0,1425000.0,4054.0,False,NY,9023 Ridge Blvd,1340000.0,587069000,11209,30700721,True,1408900.0,,1737532800000.0,175000.0,,,,,,,,,,,,,
37,1.0,3.0,Oakland Gardens,USA,USD,-1,FOR_SALE,FOR_SALE,CONDO,https://photos.zillowstatic.com/fp/d74fd3a691c3dde6d42e872330189934-p_e.jpg,False,True,False,False,False,False,False,40.744434,,-73.75381,,,375000.0,375000.0,3143.0,False,NY,68-09 Springfield Boulevard #B,,16178170000,11364,2056729497,True,,# B,1737100800000.0,10000.0,,,,,,,,,,,,,
38,4.0,5.0,Staten Island,USA,USD,-1,FOR_SALE,FOR_SALE,MULTI_FAMILY,https://photos.zillowstatic.com/fp/eab287933363a9c50edaf6e0b73ece1b-p_e.jpg,False,True,False,False,False,False,False,40.51444,3350.0,-74.236496,sqft,4791.6,1349000.0,1349000.0,4345.0,False,NY,6 Hale St,1085000.0,434995000,10307,62711390,True,,,,,,,,,,,,,,,,,
39,2.0,2.0,New York,USA,USD,-1,FOR_SALE,FOR_SALE,CONDO,https://photos.zillowstatic.com/fp/c0dbd25524d4eb29e05cfdceb99c87d7-p_e.jpg,False,True,False,False,False,False,False,40.754032,1250.0,-73.96516,,,500000.0,500000.0,6706.0,False,NY,420 E 51st St APT 5D,,1019069000,10022,72526128,True,498300.0,Apt 5D,,,,,,,,,,,,,,,
40,1.0,1.0,Brooklyn,USA,USD,-1,FOR_SALE,FOR_SALE,CONDO,https://photos.zillowstatic.com/fp/3484012d41f506fe7df1fd88cd8779d0-p_e.jpg,False,True,False,False,False,False,False,40.66987,0.0,-73.982735,,,625000.0,625000.0,2674.0,False,NY,378 6th Ave APT 3A,220647.0,1278269000,11215,83049456,True,667400.0,Apt 3A,,,,,,,,,,,,,,,
41,4.0,4.0,Staten Island,USA,USD,-1,FOR_SALE,FOR_SALE,SINGLE_FAMILY,https://photos.zillowstatic.com/fp/d6b2aac925058895db572c7a48766d2d-p_e.jpg,False,True,False,False,False,False,False,40.531322,2000.0,-74.167465,sqft,4356.0,928888.0,928888.0,3497.0,False,NY,344 Shirley Ave,737000.0,704059000,10312,32366410,True,914800.0,,,,,,,,,,,,,,,,
42,3.0,7.0,Staten Island,USA,USD,-1,FOR_SALE,FOR_SALE,MULTI_FAMILY,https://photos.zillowstatic.com/fp/cbe6b171a2255a3ed2f77f399cdb0126-p_e.jpg,False,True,False,False,False,False,False,40.6016,3692.0,-74.092545,sqft,8276.4,499000.0,499000.0,2802.0,False,NY,1020 Richmond Rd,1076000.0,12705307000,10304,32324224,True,460300.0,,,,,,,,,,,,,,,,
43,1.0,2.0,New York,USA,USD,-1,FOR_SALE,FOR_SALE,CONDO,https://photos.zillowstatic.com/fp/d122cbaa48128ff839e1de680e818667-p_e.jpg,False,True,False,False,False,False,False,40.806385,0.0,-73.93875,,,198000.0,198000.0,,False,NY,78 E 127th St APT 18,,1191871000,10035,444452226,True,214100.0,Apt 18,,,,,,,,,,,,,,,
44,2.0,3.0,Flushing,USA,USD,-1,FOR_SALE,FOR_SALE,SINGLE_FAMILY,https://photos.zillowstatic.com/fp/360dc5eb3cff359183710fba4f3e2603-p_e.jpg,False,True,False,False,False,False,False,40.785618,1276.0,-73.80513,,,788000.0,788000.0,,False,NY,157-03 Locke Avenue,926000.0,354591000,11357,32032367,True,,,,,,,,,,,,,,,,,
45,3.0,6.0,Staten Island,USA,USD,-1,FOR_SALE,FOR_SALE,MULTI_FAMILY,https://photos.zillowstatic.com/fp/f96762c994158427b2ed603d0ebf1c2f-p_e.jpg,False,True,False,False,False,False,False,40.61591,1592.0,-74.06942,sqft,3192.0,750000.0,750000.0,2823.0,False,NY,65 Anderson St,752000.0,353454000,10305,32318625,True,,,,,,,,,,,,,,,,,
46,3.0,4.0,Staten Island,USA,USD,-1,FOR_SALE,FOR_SALE,SINGLE_FAMILY,https://photos.zillowstatic.com/fp/0b0019b0e5ebd8317f971a8ea582a4aa-p_e.jpg,False,True,False,False,False,False,False,40.596397,1638.0,-74.16636,sqft,3049.2,769900.0,769900.0,2983.0,False,NY,53 Plymouth Rd,666000.0,359043000,10314,32309955,True,757200.0,,,,,,,,,,,,,,,,
47,1.0,2.0,Brooklyn,USA,USD,-1,FOR_SALE,FOR_SALE,CONDO,https://photos.zillowstatic.com/fp/fa1851df19da06008f0036c1e99814fd-p_e.jpg,False,True,False,False,False,False,False,40.671814,0.0,-73.97495,,,995000.0,995000.0,3844.0,False,NY,19 Fiske Pl APT A2,,414271000,11215,79712165,True,1042000.0,Apt A2,,,,,,,,,,,,,,,
48,3.0,3.0,Staten Island,USA,USD,-1,FOR_SALE,FOR_SALE,SINGLE_FAMILY,https://photos.zillowstatic.com/fp/89c9b318441d97fc01f8da8bda1d7066-p_e.jpg,False,True,False,False,False,False,False,40.554775,1368.0,-74.17935,sqft,2613.6,662500.0,662500.0,3233.0,False,NY,33 Loring Ave,690000.0,7766421000,10312,32358688,True,657400.0,,1737619200000.0,-12400.0,"$12,400 (Jan 23)",,,,,,,,,,,,
49,1.0,2.0,Brooklyn,USA,USD,-1,FOR_SALE,FOR_SALE,CONDO,https://photos.zillowstatic.com/fp/721ebddd95ac0413ecb0577e211b9eb1-p_e.jpg,False,True,False,False,False,False,False,40.6758,1200.0,-73.97022,,,949000.0,949000.0,6538.0,False,NY,20 Plaza St E APT C7,18582000.0,1105471000,11238,245021993,True,,Apt C7,,,,,,,,,,,,,,,
50,4.0,4.0,Whitestone,USA,USD,-1,FOR_SALE,FOR_SALE,SINGLE_FAMILY,https://photos.zillowstatic.com/fp/6bb50dd409243b02737ccea460e3a51a-p_e.jpg,False,True,False,False,False,False,False,40.78324,2500.0,-73.8228,sqft,10400.0,1558000.0,1558000.0,,False,NY,3 144th Street,,603710000,11357,445924496,True,,,,,,,,,,,,,,,,,
51,2.0,3.0,Brooklyn,USA,USD,-1,FOR_SALE,FOR_SALE,CONDO,https://photos.zillowstatic.com/fp/a73714b8f6f21e9a3134cb755cd04d48-p_e.jpg,False,True,False,False,False,False,False,40.68081,0.0,-73.97159,,,1650000.0,1650000.0,7011.0,False,NY,560 Dean St APT 3R,,1191871000,11217,104465160,True,1684800.0,Apt 3R,,,,,,,,,,,,,,,
52,1.0,1.0,New York,USA,USD,-1,FOR_SALE,FOR_SALE,CONDO,https://photos.zillowstatic.com/fp/3bb2078b9e740777587fc5f5a16eafac-p_e.jpg,False,True,False,False,False,False,False,40.765,625.0,-73.991,,,399000.0,399000.0,,False,NY,464 W 51st St APT 4W,,500671000,10019,446074425,True,,Apt 4W,,,,,,,,,,,,,,,
53,3.0,3.0,Flushing,USA,USD,-1,FOR_SALE,FOR_SALE,SINGLE_FAMILY,https://photos.zillowstatic.com/fp/547431d711c696bf65dea7d0aad03adf-p_e.jpg,False,True,False,False,False,False,False,40.785255,1170.0,-73.80514,sqft,4854.0,1188000.0,1188000.0,,False,NY,15710 Locke Avenue,904000.0,673195000,11357,32032390,True,,,,,,,,,,,,,,,,,
54,3.0,3.0,Staten Island,USA,USD,-1,FOR_SALE,FOR_SALE,SINGLE_FAMILY,https://photos.zillowstatic.com/fp/22fdc8b63be4637c9021dd2c3e70c7a5-p_e.jpg,False,True,False,False,False,False,False,40.538998,988.0,-74.2078,sqft,6534.0,828888.0,828888.0,2882.0,False,NY,951 Sinclair Ave,640000.0,503225000,10309,32370414,,754900.0,,1497337200000.0,219888.0,,,,Sun. 12-3pm,True,True,"[{'open_house_end': 1738537200000, 'open_house_start': 1738526400000}]",,,,,,
55,4.0,6.0,Staten Island,USA,USD,-1,FOR_SALE,FOR_SALE,MULTI_FAMILY,https://photos.zillowstatic.com/fp/01d48875f0f42a998528de9f87ab5cec-p_e.jpg,False,True,False,False,False,False,False,40.548145,2600.0,-74.21655,sqft,3900.0,1080000.0,1080000.0,3100.0,False,NY,77 Wirt Ave,763000.0,318167000,10309,32372027,True,1062300.0,,1737792000000.0,-20000.0,"$20,000 (Jan 25)",,,,,,,,,,,,
56,9.0,6.0,New York,USA,USD,-1,FOR_SALE,FOR_SALE,CONDO,https://photos.zillowstatic.com/fp/736731955ed458825587381963b5fc24-p_e.jpg,False,True,False,False,False,False,False,40.7615,8255.0,-73.971794,,,105000000.0,105000000.0,53568.0,False,NY,432 Park Ave #PENTHOUSE,,21841471000,10022,2069500049,True,17533200.0,# PENTHOUSE,,,,,,,,,,,,,,,
57,2.0,6.0,Jamaica,USA,USD,-1,FOR_SALE,FOR_SALE,MULTI_FAMILY,https://photos.zillowstatic.com/fp/8e766c9cbcfe0e2fe78cfdceb772596c-p_e.jpg,False,True,False,False,False,False,False,40.67197,2424.0,-73.7815,sqft,4000.0,1099999.0,1099999.0,,False,NY,13230 156th Street,1036000.0,406542000,11434,32187990,True,,,,,,,,,,,,,,,,,
58,1.0,2.0,Bayside,USA,USD,-1,FOR_SALE,FOR_SALE,CONDO,https://photos.zillowstatic.com/fp/3d598f8f83841aa7233108bee26b05bd-p_e.jpg,False,True,False,False,False,False,False,40.778168,,-73.79159,,,299000.0,299000.0,,False,NY,21-22 202nd Street #Upper,,21060134000,11360,2059768809,True,,,,,,,,,,,,,,,,,
59,2.0,3.0,Staten Island,USA,USD,-1,FOR_SALE,FOR_SALE,SINGLE_FAMILY,https://photos.zillowstatic.com/fp/d5433e73de796d9722655b2c4bf1875f-p_e.jpg,False,True,False,False,False,False,False,40.584465,1302.0,-74.15846,sqft,3264.0,695000.0,695000.0,3005.0,False,NY,8 Villa Nova St,637000.0,250121000,10314,32313992,True,686500.0,,,,,,,,,,,,,,,,
60,4.0,4.0,Brooklyn,USA,USD,-1,FOR_SALE,FOR_SALE,MULTI_FAMILY,https://photos.zillowstatic.com/fp/d6f7437d969aa05089494e9b6f385996-p_e.jpg,False,True,False,False,False,False,False,40.6918,0.0,-73.969734,,,4250000.0,4250000.0,4828.0,False,NY,81 Willoughby Ave,3222000.0,500671000,11205,30615228,True,4375800.0,,,,,,,,,,,,,,,,
61,3.0,4.0,Jamaica,USA,USD,-1,FOR_SALE,FOR_SALE,SINGLE_FAMILY,https://photos.zillowstatic.com/fp/e67c9b1ad4d28be7d3045633ad2f3a10-p_e.jpg,False,True,False,False,False,False,False,40.674385,1828.0,-73.76588,sqft,2800.0,775000.0,775000.0,,False,NY,13420 176th Street,611000.0,423923000,11434,32192533,True,,,,,,,,Sun. 11:45am-1:45pm,,True,"[{'open_house_end': 1738532700000, 'open_house_start': 1738525500000}]",,,,,,
62,2.0,2.0,Bayside,USA,USD,-1,FOR_SALE,FOR_SALE,CONDO,https://photos.zillowstatic.com/fp/c321888d1e1f2cdc654b90e142a15e3a-p_e.jpg,False,True,False,False,False,False,False,40.78067,1250.0,-73.78402,,,344000.0,344000.0,,False,NY,18-35 Corporal Kennedy #L1,,8893793000,11360,2071217578,True,,# L1,1732176000000.0,-5000.0,"$5,000 (Nov 21)",,,,,,,,,,,,
63,2.0,2.0,Jamaica,USA,USD,-1,FOR_SALE,FOR_SALE,CONDO,https://photos.zillowstatic.com/fp/3f2853ca2d089301659365542e2e1a78-p_e.jpg,False,True,False,False,False,False,False,40.714634,1200.0,-73.79647,,,278000.0,278000.0,2730.0,False,NY,84-49 168 Street #6N,10563000.0,6488242000,11432,245429132,True,,Apt 6N,1736236800000.0,-17000.0,"$17,000 (Jan 7)",,,,,,,,,,,,
64,3.0,4.0,Far Rockaway,USA,USD,-1,FOR_SALE,FOR_SALE,SINGLE_FAMILY,https://photos.zillowstatic.com/fp/79f3ee0b1918f206a9602ee8163cfd83-p_e.jpg,False,True,False,False,False,False,False,40.603962,2868.0,-73.760345,sqft,6300.0,599000.0,599000.0,,False,NY,1050 Dickens Street,736000.0,343212000,11691,32222220,True,,,,,,,,,,,,,,,,,
65,2.0,3.0,Springfield Gardens,USA,USD,-1,FOR_SALE,FOR_SALE,SINGLE_FAMILY,https://photos.zillowstatic.com/fp/20ca50a23505746983b9e0c356edcab6-p_e.jpg,False,True,False,False,False,False,False,40.66117,1872.0,-73.755455,acres,0.48496326905417814,669000.0,669000.0,3886.0,False,NY,145-76 225th St,,64788000,11413,2056703467,True,,,1738051200000.0,-1000.0,"$1,000 (Jan 28)",,,Sun. 2am-4pm,,True,"[{'open_house_end': 1738540800000, 'open_house_start': 1738490400000}]",,,,,,
66,2.0,3.0,Bronx,USA,USD,-1,FOR_SALE,FOR_SALE,SINGLE_FAMILY,https://photos.zillowstatic.com/fp/5b2e6bdb8978d6c95b6be80219b49f8a-p_e.jpg,False,True,False,False,False,False,False,40.89032,1320.0,-73.82997,sqft,3779.0,625000.0,625000.0,,False,NY,3988 Rombouts Avenue,533000.0,527447000,10466,29835676,True,,,,,,,,Sun. 1-3pm,,True,"[{'open_house_end': 1738537200000, 'open_house_start': 1738530000000}]",,,,,,
67,1.0,1.0,Brooklyn,USA,USD,-1,FOR_SALE,FOR_SALE,CONDO,https://photos.zillowstatic.com/fp/efd146ec4f378f7c701d0157a450a4c1-p_e.jpg,False,True,False,False,False,False,False,40.693066,0.0,-73.99334,,,325000.0,325000.0,3957.0,False,NY,153 Joralemon St APT 3R,,13287871000,11201,216112015,True,348300.0,Apt 3R,,,,,,,,,,,,,,,
68,2.0,3.0,Flushing,USA,USD,-1,FOR_SALE,FOR_SALE,SINGLE_FAMILY,https://photos.zillowstatic.com/fp/758d7ce1b2a70186b4cefd2cecb8d2d2-p_e.jpg,False,True,False,False,False,False,False,40.7131,1795.0,-73.88339,sqft,2042.0,949900.0,949900.0,,False,NY,7122 66th Drive,683000.0,82532000,11379,31997916,,,,,,,,,,True,,,1738108800000.0,,,,,
69,2.0,6.0,Jamaica,USA,USD,-1,FOR_SALE,FOR_SALE,MULTI_FAMILY,https://photos.zillowstatic.com/fp/534596686fc0a98e8ecdf13c7108d869-p_e.jpg,False,True,False,False,False,False,False,40.669086,0.0,-73.789345,sqft,2655.0,250000.0,250000.0,3287.0,False,NY,13026 150th St,346000.0,15048256000,11436,83052639,True,,,,,,,,,,,,,,,,,
70,2.0,5.0,New York,USA,USD,-1,FOR_SALE,FOR_SALE,CONDO,https://photos.zillowstatic.com/fp/694039f4f1e3cab4287e5429e8ba88bf-p_e.jpg,False,True,False,False,False,False,False,40.787136,1541.0,-73.97103,,,1200000.0,1200000.0,,False,NY,59 W 87th St #4,,7671871000,10024,442302957,True,1202100.0,# 4,1737100800000.0,201000.0,,,,,,,,,,,,,
71,1.0,2.0,Little Neck,USA,USD,-1,FOR_SALE,FOR_SALE,CONDO,https://photos.zillowstatic.com/fp/b55e9712cb52c2b7186ec526b6591d70-p_e.jpg,False,True,False,False,False,False,False,40.755444,0.0,-73.72828,,,429000.0,429000.0,3338.0,False,NY,63-05 Marathon Pkwy #1242,,414271000,11362,119912502,True,432700.0,# 1242,,,,,,,,,,,,,,,
72,4.0,6.0,Bronx,USA,USD,-1,FOR_SALE,FOR_SALE,MULTI_FAMILY,https://photos.zillowstatic.com/fp/993fbd1d9352930f4d154ab00880f977-p_e.jpg,False,True,False,False,False,False,False,40.85047,2600.0,-73.85234,sqft,2500.0,945000.0,945000.0,,False,NY,1812 Tomlinson Avenue,783000.0,528693000,10461,29815320,True,,,1737532800000.0,-1000.0,"$1,000 (Jan 22)",,,,,,,,,,,,
73,2.0,2.0,Brooklyn,USA,USD,-1,FOR_SALE,FOR_SALE,CONDO,https://photos.zillowstatic.com/fp/97c8d4d68dba8dc515e63ff095a6d509-p_e.jpg,False,True,False,False,False,False,False,40.652138,942.0,-73.97561,,,795000.0,795000.0,4283.0,False,NY,1273 Prospect Ave #2,1241234.0,1537471000,11218,30671328,True,833500.0,# 2,,,,,,,,,,,,,,,
74,5.0,4.0,Staten island,USA,USD,-1,FOR_SALE,FOR_SALE,SINGLE_FAMILY,https://photos.zillowstatic.com/fp/7fcd4b7d0c3c7afb38e6f70bab10ad57-p_e.jpg,False,True,False,False,False,False,False,40.51714,6187.0,-74.21012,acres,0.27,1875000.0,1875000.0,6424.0,False,NY,55 Vail Ave,186000.0,687620000,10309,32368466,True,,,1737360000000.0,-122055.0,"$122,055 (Jan 20)",,,,,,,,,,,,
75,3.0,3.0,Staten Island,USA,USD,-1,FOR_SALE,FOR_SALE,SINGLE_FAMILY,https://photos.zillowstatic.com/fp/cb3f5f0dd79d4ab6f55cb96adf11b8d2-p_e.jpg,False,True,False,False,False,False,False,40.59942,1800.0,-74.1284,sqft,2000.0,650000.0,650000.0,2893.0,False,NY,252A Livingston Ave #A,565000.0,1036914000,10314,58577133,True,645000.0,# A,,,,,,,,,,,,,,,
76,2.0,2.0,Glen Oaks,USA,USD,-1,FOR_SALE,FOR_SALE,CONDO,https://photos.zillowstatic.com/fp/0c482d8fc2076eeb2ecd22e61dd709fb-p_e.jpg,False,True,False,False,False,False,False,40.750793,1731.0,-73.71948,,,599000.0,599000.0,,False,NY,254-07 73 Road Glen Oaks 1st Floor,,610694000,11004,2105166504,True,,,,,,,,,,,,,,,,,
77,1.0,2.0,Brooklyn,USA,USD,-1,FOR_SALE,FOR_SALE,CONDO,https://photos.zillowstatic.com/fp/912525c1dab642d8d4f6a9a2fed2e4aa-p_e.jpg,False,True,False,False,False,False,False,40.582916,0.0,-73.966805,,,229000.0,229000.0,3540.0,False,NY,2727 Ocean Pkwy APT C27,11971000.0,202465000,11235,245002456,True,,Apt C27,,,,,,,,,,,,,,,
78,0.0,5.0,Brooklyn,USA,USD,-1,FOR_SALE,FOR_SALE,MULTI_FAMILY,https://photos.zillowstatic.com/fp/611c52663929b98ca33a22c5cdfca3f8-p_e.jpg,False,True,False,False,False,False,False,40.607937,0.0,-73.9565,sqft,3000.0,1300000.0,1300000.0,4284.0,False,NY,1718 E 17th St,1086000.0,339242000,11229,30727379,True,1318700.0,,,,,,,,,,,,,,,,
79,3.0,3.0,Brooklyn,USA,USD,-1,FOR_SALE,FOR_SALE,CONDO,https://photos.zillowstatic.com/fp/ad37f1617a20ea6c6c25704172ac0284-p_e.jpg,False,True,False,False,False,False,False,40.68876,3044.0,-73.99848,,,2485000.0,2485000.0,,False,NY,401 Hicks St #A3A,,11127871000,11201,442154286,True,2445000.0,# A3A,,,,,,,,,,,,,,,
80,2.0,3.0,Staten Island,USA,USD,-1,FOR_SALE,FOR_SALE,SINGLE_FAMILY,https://photos.zillowstatic.com/fp/83e249ecbdc152b7d806101b4488c63a-p_e.jpg,False,True,False,False,False,False,False,40.61956,1181.0,-74.15509,sqft,1306.8,568000.0,568000.0,3246.0,False,NY,11 Jules Dr #83,415896.0,701171000,10314,32306147,True,561800.0,# 83,,,,,,,,,,,,,,,
81,3.0,3.0,Manhattan,USA,USD,-1,FOR_SALE,FOR_SALE,CONDO,https://photos.zillowstatic.com/fp/0d717658d7b85c223735428e259c8878-p_e.jpg,False,True,False,False,False,False,False,40.764317,2200.0,-73.9776,,,329000.0,329000.0,8661.0,False,NY,100 W 57th St UNIT 4JK,,27889471000,10019,306707664,True,,Unit 4JK,1718780400000.0,-31000.0,,,,,,,,,,,,,
82,2.0,2.0,Miami,USA,USD,-1,FOR_SALE,FOR_SALE,TOWNHOUSE,https://photos.zillowstatic.com/fp/296c49b580e7ce5d7f0ad6280776c808-p_e.jpg,False,True,False,False,True,False,False,25.665524,942.0,-80.38443,sqft,0.0,450000.0,450000.0,,False,FL,11716 SW 110th Ter,279920.0,587074000,33186,44326111,True,,,,,,,,,,,,,,,,,
83,4.0,5.0,Miami,USA,USD,-1,FOR_SALE,FOR_SALE,SINGLE_FAMILY,https://photos.zillowstatic.com/fp/4d89da219cc3a79dc3e5165b754ea20a-p_e.jpg,False,True,False,False,True,False,False,25.673605,3943.0,-80.3429,acres,0.8,2199990.0,2199990.0,,False,FL,9120 SW 103rd St,1321121.0,673474000,33176,44276667,True,,,,,,,,,,,,,,,,,
84,2.0,3.0,Miami,USA,USD,-1,FOR_SALE,FOR_SALE,SINGLE_FAMILY,https://photos.zillowstatic.com/fp/db9ad6f0bab70200f7a844a3c8f25f66-p_e.jpg,False,True,False,False,False,False,False,25.658484,1524.0,-80.360825,sqft,0.0,899000.0,899000.0,5053.0,False,FL,10302 SW 119th St,678183.0,673474000,33176,44282693,True,880500.0,,,,,,,,,,,,,,,,
85,2.0,3.0,Miami,USA,USD,-1,FOR_SALE,FOR_SALE,SINGLE_FAMILY,https://photos.zillowstatic.com/fp/a4a0cf3d18d70abc7e9932a1628105df-p_e.jpg,False,True,False,False,True,False,False,25.770916,1154.0,-80.29475,sqft,5665.0,595000.0,595000.0,3534.0,False,FL,6061 W Flagler St,473773.0,500674000,33144,43834517,True,587200.0,,,,,,,,,,,,,,,,
86,2.0,4.0,Miami,USA,USD,-1,FOR_SALE,FOR_SALE,SINGLE_FAMILY,https://photos.zillowstatic.com/fp/2c9e0f5c8656645f6a14a0f572686678-p_e.jpg,False,True,False,False,True,False,False,25.734049,1730.0,-80.299286,sqft,5250.0,895000.0,895000.0,,False,FL,6418 SW 39th Ter,511048.0,5511874000,33155,44189100,True,,,,,,,,Sat. 12-2pm,,True,"[{'open_house_end': 1738447200000, 'open_house_start': 1738440000000}]",,,,,,
87,1.0,0.0,Miami,USA,USD,-1,FOR_SALE,FOR_SALE,CONDO,https://photos.zillowstatic.com/fp/2ff9b06136ab9be039b381f6b22e1549-p_e.jpg,False,True,False,False,False,False,False,25.778881,442.0,-80.18906,sqft,0.0,625000.0,625000.0,,False,FL,398 NE 5th St UNIT 2805,563100.0,155074000,33132,2066392637,True,,Unit 2805,,,,,,,,,,,,,,,
88,3.0,2.0,Miami,USA,USD,-1,FOR_SALE,FOR_SALE,CONDO,https://photos.zillowstatic.com/fp/484a1ddbb9c643841a9c6d6f57983e5e-p_e.jpg,False,True,False,False,True,False,False,25.77043,1500.0,-80.18916,sqft,0.0,1080000.0,1080000.0,6844.0,False,FL,200 Biscayne Blvd Way APT 3108,,1278274000,33131,2126418421,True,1021900.0,Apt 3108,1728630000000.0,-70000.0,,,,,,,,,,,,,
89,4.0,4.0,Miami,USA,USD,-1,FOR_SALE,FOR_SALE,SINGLE_FAMILY,https://photos.zillowstatic.com/fp/7b0f733742e1e41c798f9e88353177ae-p_e.jpg,False,True,False,False,True,False,False,25.636684,2495.0,-80.33874,acres,0.4628099173553719,1199000.0,1199000.0,6966.0,False,FL,8920 SW 142nd St,898923.0,10091074000,33176,44291576,True,1153400.0,,1737446400000.0,-51000.0,"$51,000 (Jan 21)",,,,,,,,,,,,
90,2.0,3.0,Miami,USA,USD,-1,FOR_SALE,FOR_SALE,SINGLE_FAMILY,https://photos.zillowstatic.com/fp/dc0a36cacc523693ffab8f52cfc5dd2e-p_e.jpg,False,True,False,False,False,False,False,25.566841,1169.0,-80.38948,sqft,0.0,370000.0,370000.0,3206.0,False,FL,12225 SW 215th Ter,,587074000,33177,2140661357,True,366300.0,,,,,,,,,,,,,,,,
91,3.0,3.0,Miami,USA,USD,-1,FOR_SALE,FOR_SALE,TOWNHOUSE,https://photos.zillowstatic.com/fp/18d6d1b38d97c673955085f7deaaadcd-p_e.jpg,False,True,False,False,False,False,False,25.713123,1360.0,-80.41041,sqft,0.0,479900.0,479900.0,,False,FL,13357 SW 59th Ter #13357,,587074000,33183,445996658,True,,# 13357,,,,,,,,,,,,,,,
92,11.0,10.0,Miami,USA,USD,-1,FOR_SALE,FOR_SALE,SINGLE_FAMILY,https://photos.zillowstatic.com/fp/b9a6638c93c9798ff9082b04cef3a7ef-p_e.jpg,False,True,False,False,False,False,False,25.57776,27808.0,-80.45214,acres,18.46,16900000.0,16900000.0,2405.0,False,FL,20551 SW 162nd Ave,8364596.0,26679874000,33187,337191219,True,,,,,,,,,,,,,,,,,
93,2.0,2.0,Miami,USA,USD,-1,FOR_SALE,FOR_SALE,SINGLE_FAMILY,https://photos.zillowstatic.com/fp/ee7611a49936bc802ea3222c753f0958-p_e.jpg,False,True,False,False,False,False,False,25.751888,1770.0,-80.23127,sqft,6500.0,875000.0,875000.0,,False,FL,2260 SW 21st St,547213.0,1019074000,33145,43852051,True,,,,,,,,,,,,,,,,,
94,2.0,2.0,Miami,USA,USD,-1,FOR_SALE,FOR_SALE,CONDO,https://photos.zillowstatic.com/fp/44ebc6da2a8028a89f81fbfea3491d39-p_e.jpg,False,True,False,False,False,False,False,25.773264,1073.0,-80.20194,sqft,0.0,430000.0,430000.0,,False,FL,10 SW South River Dr APT 803,360800.0,25988674000,33130,63614868,True,,Apt 803,1731312000000.0,-39999.0,"$39,999 (Nov 11)",,,,,,,,,,,,
95,3.0,4.0,Miami,USA,USD,-1,FOR_SALE,FOR_SALE,SINGLE_FAMILY,https://photos.zillowstatic.com/fp/1c0272b11e087b51e9114503e0ce7cd7-p_e.jpg,False,True,False,False,False,False,False,25.664007,2229.0,-80.356514,acres,0.34449035812672174,1395000.0,1395000.0,,False,FL,11325 SW 99th Ct,687111.0,500674000,33176,44283102,True,,,,,,,,,,,,,,,,,
96,2.0,3.0,Miami,USA,USD,-1,FOR_SALE,FOR_SALE,SINGLE_FAMILY,https://photos.zillowstatic.com/fp/e62706abf5f3e3aa6be813f874a03248-p_e.jpg,False,True,False,False,False,False,False,25.604206,1355.0,-80.36758,sqft,9350.0,650000.0,650000.0,3994.0,False,FL,17721 SW 108th Ct,399918.0,3179074000,33157,44300588,True,642000.0,,1737619200000.0,-29900.0,"$29,900 (Jan 23)",,,,,,,,,,,,
97,2.0,4.0,Miami,USA,USD,-1,FOR_SALE,FOR_SALE,SINGLE_FAMILY,https://photos.zillowstatic.com/fp/4a6e6db164fc374a07091f6fc9d3954c-p_e.jpg,False,True,False,False,True,False,False,25.82114,1267.0,-80.2057,sqft,5603.0,998000.0,998000.0,3908.0,False,FL,4921 NW 6th Ave,349746.0,3179074000,33127,43813323,True,962200.0,,1737360000000.0,-51000.0,"$51,000 (Jan 20)",,,,,,,,,,,,
98,18.0,13.0,Miami,USA,USD,-1,FOR_SALE,FOR_SALE,SINGLE_FAMILY,https://photos.zillowstatic.com/fp/148359dbd966d5c95ea68fb556218c34-p_e.jpg,False,True,False,False,False,False,False,25.720655,11855.0,-80.2467,acres,4.0898,135000000.0,135000000.0,,False,FL,3585 Anchorage Way,,18558274000,33133,353685939,True,,,,,,,,,,,,,,,,,
99,4.0,5.0,Miami,USA,USD,-1,FOR_SALE,FOR_SALE,MULTI_FAMILY,https://photos.zillowstatic.com/fp/b0e264394556ea7989f6a5d1d4613239-p_e.jpg,False,True,False,False,False,False,False,25.830536,1982.0,-80.19756,sqft,0.0,350000.0,350000.0,2958.0,False,FL,56 NW 60th St,374855.0,8622274000,33127,43808364,True,333600.0,,,,,,,,,,,,,,,,
100,3.0,4.0,Miami,USA,USD,-1,FOR_SALE,FOR_SALE,SINGLE_FAMILY,https://photos.zillowstatic.com/fp/0ffaa57b34698d9bac1563e0f9052c54-p_e.jpg,False,True,False,False,False,False,False,25.774944,1245.0,-80.29253,sqft,4880.0,550000.0,550000.0,,False,FL,371 NW 59th Ct,307034.0,6721474000,33126,43834270,True,,,1737532800000.0,-49000.0,"$49,000 (Jan 22)",,,,,,,,,,,,
101,3.0,3.0,Miami,USA,USD,-1,FOR_SALE,FOR_SALE,CONDO,https://photos.zillowstatic.com/fp/235a61520ad5aeb2bb5c6d2fd8b52705-p_e.jpg,False,True,False,False,True,False,False,25.778881,1267.0,-80.18906,sqft,0.0,1412134.0,1412134.0,,False,FL,398 NE 5th St #CT18,,57870274000,33132,443558418,True,,# CT18,1688022000000.0,13981.0,,,,,,,,,,,,,
102,3.0,3.0,Miami,USA,USD,-1,FOR_SALE,FOR_SALE,TOWNHOUSE,https://photos.zillowstatic.com/fp/3d7adcf27cad0b0744cb9fb29d306ecc-p_e.jpg,False,True,False,False,False,False,False,25.71365,1561.0,-80.42607,sqft,0.0,379900.0,379900.0,,False,FL,14355 SW 57th Ln APT 4-12,289800.0,673474000,33183,44258625,True,,Apt 4-12,,,,,,,,,,,,,,,
103,2.0,3.0,Miami,USA,USD,-1,FOR_SALE,FOR_SALE,TOWNHOUSE,https://photos.zillowstatic.com/fp/a5fd3d09e67877cbb6d765f9d1173c4f-p_e.jpg,False,True,False,False,False,False,False,25.691996,1335.0,-80.36022,sqft,0.0,440000.0,440000.0,,False,FL,8234 SW 103rd Ave #8234,,587074000,33173,445997930,True,428000.0,# 8234,,,,,,,,,,,,,,,
104,2.0,3.0,Miami,USA,USD,-1,FOR_SALE,FOR_SALE,SINGLE_FAMILY,https://photos.zillowstatic.com/fp/a1dd7ff4c70bea30d1bc613a7b2f26eb-p_e.jpg,False,True,False,False,False,False,False,25.751766,1419.0,-80.24814,sqft,6000.0,799000.0,799000.0,,False,FL,3271 SW 21st St,530953.0,513526000,33145,43848028,True,,,,,,,,,,,,,,,,,
105,2.0,2.0,Miami,USA,USD,-1,FOR_SALE,FOR_SALE,CONDO,https://photos.zillowstatic.com/fp/21b8b30beac03925fce7e91d925b3349-p_e.jpg,False,True,False,False,False,False,False,25.800152,1036.0,-80.18868,sqft,0.0,515000.0,515000.0,,False,FL,350 NE 24th St APT 1104,406100.0,414274000,33137,83162772,True,,Apt 1104,,,,,,,,,,,1.0,,,,
106,2.0,3.0,Miami,USA,USD,-1,FOR_SALE,FOR_SALE,SINGLE_FAMILY,https://photos.zillowstatic.com/fp/7596c18f9a210f6bf4e2b770cec12934-p_e.jpg,False,True,False,False,False,False,False,25.740595,1145.0,-80.30235,sqft,7500.0,675000.0,675000.0,,False,FL,6551 SW 32nd St,498054.0,4215874000,33155,44187559,True,,,1737705600000.0,-15000.0,"$15,000 (Jan 24)",,,,,,,,,,,,
107,4.0,4.0,Miami,USA,USD,-1,FOR_SALE,FOR_SALE,SINGLE_FAMILY,https://photos.zillowstatic.com/fp/3aa0260715909b8b73304621a717e8c2-p_e.jpg,False,True,False,False,False,False,False,25.728382,2030.0,-80.3464,sqft,7600.0,700000.0,700000.0,4369.0,False,FL,9320 SW 43rd St,479049.0,1105474000,33165,44203732,True,690700.0,,,,,,,,,,,,,,,,
108,3.0,4.0,Miami,USA,USD,-1,FOR_SALE,FOR_SALE,SINGLE_FAMILY,https://photos.zillowstatic.com/fp/6e3fac38fb3587604081fc4e11c9e869-p_e.jpg,False,True,False,False,False,False,False,25.690186,3095.0,-80.35035,sqft,9033.0,1299000.0,1299000.0,4788.0,False,FL,8515 SW 97th Rd,556204.0,2919874000,33173,44217619,True,1258600.0,,1736755200000.0,-51000.0,"$51,000 (Jan 13)",,,,,,,,,,,,
109,2.0,3.0,Miami,USA,USD,-1,FOR_SALE,FOR_SALE,SINGLE_FAMILY,https://photos.zillowstatic.com/fp/fa99c7f391e3eb3d58ac85371adb6a69-p_e.jpg,False,True,False,False,False,False,False,25.744095,1592.0,-80.331245,sqft,9010.0,569000.0,569000.0,3881.0,False,FL,8371 SW 27th Ln,425928.0,1451074000,33155,44190986,True,564000.0,,,,,,,,,,,,,,,,
110,2.0,3.0,Miami,USA,USD,-1,FOR_SALE,FOR_SALE,SINGLE_FAMILY,https://photos.zillowstatic.com/fp/8088c6580b179f286bd5c64292c3158c-p_e.jpg,False,True,False,False,False,False,False,25.632658,1146.0,-80.36672,sqft,9450.0,515000.0,515000.0,3430.0,False,FL,10705 SW 147th St,323836.0,8708674000,33176,44288909,True,512700.0,,1735545600000.0,-15000.0,"$15,000 (Dec 30)",,,,,,,,,,,,
111,3.0,4.0,Miami,USA,USD,-1,FOR_SALE,FOR_SALE,SINGLE_FAMILY,https://photos.zillowstatic.com/fp/2ef540dbfa9c8d64a27f828b8a91dc4d-p_e.jpg,False,True,False,False,False,False,False,25.656017,2906.0,-80.357254,acres,0.45661157024793386,1739000.0,1739000.0,,False,FL,10005 SW 122nd Ter,896701.0,414274000,33176,44286381,True,,,,,,,,,,,,,,,,,
112,2.0,4.0,Miami,USA,USD,-1,FOR_SALE,FOR_SALE,SINGLE_FAMILY,https://photos.zillowstatic.com/fp/c4fc004e2e1db3673ed9333498e55d1b-p_e.jpg,False,True,False,False,False,False,False,25.695093,1587.0,-80.33533,sqft,10000.0,899000.0,899000.0,3652.0,False,FL,8781 SW 80th St,543114.0,414274000,33173,44220241,True,876400.0,,,,,,,,,,,,,,,,
113,3.0,3.0,Miami,USA,USD,-1,FOR_SALE,FOR_SALE,TOWNHOUSE,https://photos.zillowstatic.com/fp/0dd569b1095ad8cd71ae1aa90379c421-p_e.jpg,False,True,False,False,False,False,False,25.60195,1319.0,-80.42088,sqft,0.0,455000.0,455000.0,2749.0,False,FL,14061 SW 178th St,310000.0,414274000,33177,44341455,True,452400.0,,1737964800000.0,-10000.0,"$10,000 (Jan 27)",,,Sat. 12-2pm,,True,"[{'open_house_end': 1738447200000, 'open_house_start': 1738440000000}]",,,,,,
114,3.0,3.0,Miami,USA,USD,-1,FOR_SALE,FOR_SALE,SINGLE_FAMILY,https://photos.zillowstatic.com/fp/658b79b5aa063b0e5c1b3dd5849fd88e-p_e.jpg,False,True,False,False,False,False,False,25.74588,1732.0,-80.29061,sqft,6400.0,1297000.0,1297000.0,6202.0,False,FL,5871 SW 27th St,630662.0,673474000,33155,44188422,True,1261600.0,,,,,,,,,,,,,,,,
115,4.0,5.0,Miami,USA,USD,-1,FOR_SALE,FOR_SALE,SINGLE_FAMILY,https://photos.zillowstatic.com/fp/d606cb3f71afe552062af308c6c2c09b-p_e.jpg,False,True,False,False,False,False,False,25.717125,2618.0,-80.346855,sqft,7700.0,720000.0,720000.0,,False,FL,9400 SW 55th St,510091.0,500674000,33165,44205154,True,,,,,,,,,,,,,,,,,
116,2.0,3.0,Miami,USA,USD,-1,FOR_SALE,FOR_SALE,CONDO,https://photos.zillowstatic.com/fp/8aedb15f88aefea29e72abaefaa5f1d7-p_e.jpg,False,True,False,False,False,False,False,25.735474,1539.0,-80.34397,sqft,4992.0,280000.0,280000.0,3859.0,False,FL,9200 SW 37th St,352229.0,675656000,33165,44193437,,684200.0,,,,,,,,,,,,,True,True,,
117,2.0,4.0,Miami,USA,USD,-1,FOR_SALE,FOR_SALE,SINGLE_FAMILY,https://photos.zillowstatic.com/fp/07b18fccc6671e117e173b69c09574dc-p_e.jpg,False,True,False,False,False,False,False,25.667332,1775.0,-80.3674,sqft,9353.0,870000.0,870000.0,4588.0,False,FL,10985 SW 107th Ave,554528.0,4302274000,33176,44282950,True,844200.0,,1737446400000.0,-29000.0,"$29,000 (Jan 21)",,,,,,,,,,,,
118,2.0,2.0,Miami,USA,USD,-1,FOR_SALE,FOR_SALE,TOWNHOUSE,https://photos.zillowstatic.com/fp/3f3d184476ec1f27e8a20458f10d9002-p_e.jpg,False,True,False,False,False,False,False,25.692831,800.0,-80.4379,sqft,0.0,299000.0,299000.0,2299.0,False,FL,7999 SW 152nd Ave #602-6,193200.0,327874000,33193,44268010,True,294500.0,# 602-6,,,,,,Sun. 1-3pm,,True,"[{'open_house_end': 1738537200000, 'open_house_start': 1738530000000}]",,,,,,
119,2.0,3.0,Miami,USA,USD,-1,FOR_SALE,FOR_SALE,SINGLE_FAMILY,https://photos.zillowstatic.com/fp/b6f78b1bae4c2038bfd8261bb92158d1-p_e.jpg,False,True,False,False,False,False,False,25.766577,1325.0,-80.27098,sqft,6300.0,875000.0,875000.0,,False,FL,4611 SW 5th Ter,389552.0,5079874000,33134,43842758,True,,,1737705600000.0,-125000.0,"$125,000 (Jan 24)",,,,,,,,,,,,
120,3.0,5.0,Miami,USA,USD,-1,FOR_SALE,FOR_SALE,SINGLE_FAMILY,https://photos.zillowstatic.com/fp/9b0c42d9e5b2a5f8d4ffdfb334c1b482-p_e.jpg,False,True,False,False,False,False,False,25.781189,2958.0,-80.208534,acres,0.6604683195592287,2750000.0,2750000.0,,False,FL,752 NW 7th Street Rd,,587074000,33136,445997997,True,,,,,,,,,,,,,,,,,
121,5.0,6.0,Miami,USA,USD,-1,FOR_SALE,FOR_SALE,SINGLE_FAMILY,https://photos.zillowstatic.com/fp/2850aa024ab03b94b17874dc34a082d0-p_e.jpg,False,True,False,False,False,False,False,25.638443,4189.0,-80.36989,sqft,7500.0,590000.0,590000.0,4771.0,False,FL,10864 SW 141st Ln,503828.0,587074000,33176,44289319,True,581900.0,,,,,,,,,,,,,,,,
122,4.0,4.0,Miami,USA,USD,-1,FOR_SALE,FOR_SALE,SINGLE_FAMILY,https://photos.zillowstatic.com/fp/bc138d667143d5fc0ea8034ca7c8808e-p_e.jpg,False,True,False,False,False,False,False,25.634756,2582.0,-80.45126,sqft,6307.0,750000.0,750000.0,4669.0,False,FL,15890 SW 141st Ter,536926.0,1019074000,33196,60798540,True,736800.0,,,,,,,,,,,,,,,,
123,2.0,4.0,Miami,USA,USD,-1,FOR_SALE,FOR_SALE,SINGLE_FAMILY,https://photos.zillowstatic.com/fp/4b3d481c400fc85c3a6373c5e36191e1-p_e.jpg,False,True,False,False,False,False,False,25.574635,1707.0,-80.37926,sqft,7875.0,685000.0,685000.0,,False,FL,20701 SW 117th Ave,413341.0,500676000,33177,44350558,True,,,,,,,,,,,,,,,,,
124,2.0,3.0,Miami,USA,USD,-1,FOR_SALE,FOR_SALE,SINGLE_FAMILY,https://photos.zillowstatic.com/fp/8cf25c7faddc4b1cbd1a7ead4d8ec07d-p_e.jpg,False,True,False,False,False,False,False,25.827688,1170.0,-80.18932,sqft,5000.0,379000.0,379000.0,,False,FL,328 NE 57th St,254099.0,414276000,33137,43808451,True,,,,,,,,,,,,,,,,,
125,14.0,7.0,Miami,USA,USD,-1,FOR_SALE,FOR_SALE,CONDO,https://photos.zillowstatic.com/fp/a344fa373698f06a2fd3091ab2172d51-p_e.jpg,False,True,False,False,False,False,False,25.770777,19868.0,-80.18752,sqft,0.0,59000000.0,59000000.0,9457.0,False,FL,300 Biscayne Boulevard Way PENTHOUSE 6301,,12251076000,33131,2068603070,True,,Penthouse 6301,,,,,,,,,,,,,,,
126,2.0,5.0,Miami,USA,USD,-1,FOR_SALE,FOR_SALE,MULTI_FAMILY,https://photos.zillowstatic.com/fp/e85fe77d79aa7dca5371c7a6ab50e657-p_e.jpg,False,True,False,False,False,False,False,25.80142,1278.0,-80.23113,sqft,0.0,560000.0,560000.0,3572.0,False,FL,2177 NW 27th St,315321.0,1019076000,33142,43818714,True,545200.0,,,,,,,,,,,,,,,,
127,2.0,2.0,Miami,USA,USD,-1,FOR_SALE,FOR_SALE,TOWNHOUSE,https://photos.zillowstatic.com/fp/5841cda19d8a409b66d2295b7a7c890c-p_e.jpg,False,True,False,False,False,False,False,25.667555,1080.0,-80.37628,sqft,0.0,485000.0,485000.0,,False,FL,10878 SW 112th Ave #10878,,500676000,33176,446169209,True,,# 10878,,,,,,,,,,,,,,,
128,2.0,2.0,Miami,USA,USD,-1,FOR_SALE,FOR_SALE,CONDO,https://photos.zillowstatic.com/fp/4e767af50dabab075cd1806e467d525b-p_e.jpg,False,True,False,False,False,False,False,25.764359,990.0,-80.189514,sqft,0.0,395000.0,395000.0,3319.0,False,FL,999 Brickell Bay Dr APT 1010,259200.0,1364676000,33131,43873846,True,384200.0,Apt 1010,,,,,,,,,,,,,,,
129,2.0,3.0,Miami,USA,USD,-1,FOR_SALE,FOR_SALE,SINGLE_FAMILY,https://photos.zillowstatic.com/fp/0c7040ff12f373dab28986591298cae8-p_e.jpg,False,True,False,False,False,False,False,25.825714,1242.0,-80.22603,sqft,5250.0,299900.0,299900.0,3078.0,False,FL,1770 NW 55th Ter,265889.0,1105476000,33142,43811012,True,298500.0,,,,,,,,,,,,,,,,
130,2.0,3.0,Miami,USA,USD,-1,FOR_SALE,FOR_SALE,SINGLE_FAMILY,https://photos.zillowstatic.com/fp/284c6b6f16bf37bddffdbaf63542455a-p_e.jpg,False,True,False,False,False,False,False,25.77528,1230.0,-80.22985,sqft,5355.0,649900.0,649900.0,3435.0,False,FL,2132 NW 2nd St,356314.0,1019076000,33125,43838596,True,,,,,,,,,,,,,,,,,
131,4.0,4.0,Miami,USA,USD,-1,FOR_SALE,FOR_SALE,SINGLE_FAMILY,https://photos.zillowstatic.com/fp/c277033b7a93445beebe8db584ccd522-p_e.jpg,False,True,False,False,False,False,False,25.827143,2118.0,-80.185524,sqft,6120.0,2785000.0,2785000.0,6287.0,False,FL,467 NE 55th Ter,919649.0,414276000,33137,43829225,True,2633900.0,,,,,,,,,,,,,,,,
132,1.0,1.0,Miami,USA,USD,-1,FOR_SALE,FOR_SALE,SINGLE_FAMILY,"https://maps.googleapis.com/maps/api/staticmap?mobile=false&sensor=true&maptype=satellite&size=575x242&zoom=17&center=25.5867977142334,-80.41923522949219&key=AIzaSyBWYJWCA8FNMQvSe_k3LKfDGJaEgdKwsco&signature=vPCmgiA8rZa1KqJ-0FDpo63xHUg=",False,True,False,False,False,False,False,25.586798,1020.0,-80.419235,acres,2.5,1095000.0,1095000.0,1878.0,False,FL,13990 SW 192nd St,605229.0,155076000,33177,44361605,,816600.0,,,,,,,,True,,,,,,,,
133,6.0,5.0,Miami,USA,USD,-1,FOR_SALE,FOR_SALE,SINGLE_FAMILY,https://photos.zillowstatic.com/fp/f3f0884a747b952d9e39421edd6b32ad-p_e.jpg,False,True,False,False,False,False,False,25.569757,3996.0,-80.43269,acres,4.81,3900000.0,3900000.0,6960.0,False,FL,14875 SW 212th St,1364196.0,155076000,33187,44361788,True,3612100.0,,,,,,,,,,,,1.0,,,,
134,1.0,3.0,Miami,USA,USD,-1,FOR_SALE,FOR_SALE,SINGLE_FAMILY,https://photos.zillowstatic.com/fp/a4a8bfdd6311786513e78f4d74fceab6-p_e.jpg,False,True,False,False,False,False,False,25.739859,975.0,-80.317375,sqft,6400.0,597000.0,597000.0,,False,FL,3225 SW 75th Ct,367686.0,1105476000,33155,44189930,True,,,,,,,,,,,,,,,,,
135,3.0,3.0,Miami,USA,USD,-1,FOR_SALE,FOR_SALE,SINGLE_FAMILY,https://photos.zillowstatic.com/fp/354aac53434480f0f6fd5f2df3fdc300-p_e.jpg,False,True,False,False,False,False,False,25.74213,1732.0,-80.24058,sqft,5200.0,715000.0,715000.0,,False,FL,2911 SW 27th St,441941.0,414276000,33133,43859174,True,,,,,,,,Wed. 12-2pm,,True,"[{'open_house_end': 1738188000000, 'open_house_start': 1738180800000}]",,,,,,
136,2.0,2.0,South Miami,USA,USD,-1,FOR_SALE,FOR_SALE,CONDO,https://photos.zillowstatic.com/fp/58e3b813a4ca7ca7776d24b9bf793a84-p_e.jpg,False,True,False,False,False,False,False,25.706558,1010.0,-80.29103,sqft,0.0,375000.0,375000.0,,False,FL,6001 SW 70th St APT 604,301658.0,327876000,33143,70780220,True,,Apt 604,,,,,,,,,,,,,,,
137,2.0,2.0,Miami,USA,USD,-1,FOR_SALE,FOR_SALE,SINGLE_FAMILY,https://photos.zillowstatic.com/fp/90a12c6682415cc9186e32900c2ca73c-p_e.jpg,False,True,False,False,False,False,False,25.764404,1216.0,-80.29181,sqft,6000.0,550000.0,550000.0,2744.0,False,FL,5915 SW 7th St,342846.0,500676000,33144,43835425,True,541100.0,,,,,,,,,,,,,,,,
138,2.0,3.0,Miami,USA,USD,-1,FOR_SALE,FOR_SALE,TOWNHOUSE,https://photos.zillowstatic.com/fp/488f0e2e87552f2b072db2183d091e2b-p_e.jpg,False,True,False,False,False,False,False,25.706291,1540.0,-80.37883,sqft,0.0,399000.0,399000.0,2893.0,False,FL,6604 SW 114th Pl #F72,295632.0,9831876000,33173,44214564,True,395000.0,# F72,1734595200000.0,-16000.0,"$16,000 (Dec 19)",,,,,,,,,,,,
139,2.0,4.0,Miami,USA,USD,-1,FOR_SALE,FOR_SALE,SINGLE_FAMILY,https://photos.zillowstatic.com/fp/df452edcab1c9dd80e991dfccd2177e3-p_e.jpg,False,True,False,False,False,False,False,25.723284,2060.0,-80.43678,sqft,7500.0,875000.0,875000.0,4898.0,False,FL,4541 SW 149th Ct,629798.0,15015876000,33185,44245758,True,864800.0,,1737446400000.0,-24000.0,"$24,000 (Jan 21)",,,,,,,,,,,,
140,3.0,4.0,Miami,USA,USD,-1,FOR_SALE,FOR_SALE,SINGLE_FAMILY,https://photos.zillowstatic.com/fp/bd3cde5df4c48021c833949cbf8cc5d0-p_e.jpg,False,True,False,False,True,False,False,25.69237,2809.0,-80.32878,acres,0.29843893480257117,1699000.0,1699000.0,6014.0,False,FL,8320 SW 83rd St,672027.0,155076000,33143,44221448,True,1637500.0,,1737964800000.0,-51000.0,"$51,000 (Jan 27)",,,,,,,,,,,,
141,2.0,2.0,Miami,USA,USD,-1,FOR_SALE,FOR_SALE,CONDO,https://photos.zillowstatic.com/fp/edcce9010041210b8eee57922c3ae458-p_e.jpg,False,True,False,False,False,False,False,25.769,1267.0,-80.19183,,,715000.0,715000.0,4400.0,False,FL,41 SE 5th St UNIT 2217,596900.0,6483527000,33131,82412693,True,697200.0,Apt 2217,1736755200000.0,-32000.0,"$32,000 (Jan 13)",,,,,,,,,,,,
142,4.0,4.0,Miami,USA,USD,-1,FOR_SALE,FOR_SALE,SINGLE_FAMILY,https://photos.zillowstatic.com/fp/6d1a561efc837635c2be5c0191bb21ea-p_e.jpg,False,True,False,False,False,False,False,25.555761,2620.0,-80.40006,sqft,6365.0,845000.0,845000.0,5371.0,False,FL,12856 SW 227th St,534915.0,1105476000,33170,337200580,True,832200.0,,,,,,,,,,,,,,,,
143,2.0,4.0,Miami,USA,USD,-1,FOR_SALE,FOR_SALE,SINGLE_FAMILY,https://photos.zillowstatic.com/fp/a442975595737deb245016b09796d4be-p_e.jpg,False,True,False,False,False,False,False,25.705742,2113.0,-80.342964,acres,0.2809917355371901,1565000.0,1565000.0,,False,FL,9225 SW 68th St,675723.0,4820676000,33173,44210662,True,,,,,,,,,,,,,,,,,
144,3.0,3.0,Miami,USA,USD,-1,FOR_SALE,FOR_SALE,SINGLE_FAMILY,https://photos.zillowstatic.com/fp/8885eb0ca3c52166743aa4c8285b3018-p_e.jpg,False,True,False,False,False,False,False,25.591372,2109.0,-80.40146,acres,0.35454545454545455,820000.0,820000.0,,False,FL,12900 SW 189th St,447911.0,155076000,33177,44361229,True,,,,,,,,,,,,,,,,,
145,2.0,3.0,Miami,USA,USD,-1,FOR_SALE,FOR_SALE,SINGLE_FAMILY,https://photos.zillowstatic.com/fp/17b257ab1a2068bcc02895ab4cba8978-p_e.jpg,False,True,False,False,False,False,False,25.837034,966.0,-80.22533,sqft,3512.0,350000.0,350000.0,3030.0,False,FL,1706 NW 69th St,127603.0,1364676000,33147,155728437,True,,,1737705600000.0,100000.0,,,,,,,,,,,,,
146,11.0,8.0,Miami,USA,USD,-1,FOR_SALE,FOR_SALE,SINGLE_FAMILY,https://photos.zillowstatic.com/fp/974569f540a2bae5eb4c4d7c5b3243bc-p_e.jpg,False,True,False,False,False,False,False,25.720846,8355.0,-80.244934,acres,0.8607897153351699,55500000.0,55500000.0,,False,FL,3310 Devon Ct,12541618.0,4734276000,33133,43862771,True,,,,,,,,,,,,,,,,,
147,8.0,7.0,Miami Beach,USA,USD,-1,FOR_SALE,FOR_SALE,SINGLE_FAMILY,https://photos.zillowstatic.com/fp/f2edfaec9de4a5a1c6ff1f388a5bf1e1-p_e.jpg,False,True,False,False,False,False,False,25.79103,6701.0,-80.173256,acres,0.3443526170798898,38000000.0,38000000.0,,False,FL,1061 N Venetian Dr,10164226.0,1883076000,33139,43831759,True,,,,,,,,,,,,,,,,,
148,2.0,4.0,Miami,USA,USD,-1,FOR_SALE,FOR_SALE,SINGLE_FAMILY,https://photos.zillowstatic.com/fp/ffb1fd84c2fae29923bc7b1b4e543d88-p_e.jpg,False,True,False,False,False,False,False,25.601412,1346.0,-80.38537,sqft,7875.0,569000.0,569000.0,2487.0,False,FL,11901 180th St,316514.0,69599000,33177,44342166,True,562400.0,,,,,,,Sat. 12:30-3pm,,True,"[{'open_house_end': 1738450800000, 'open_house_start': 1738441800000}]",,,,,,
149,2.0,3.0,Miami,USA,USD,-1,FOR_SALE,FOR_SALE,SINGLE_FAMILY,https://photos.zillowstatic.com/fp/3049125558589bdbc7423ee5a00b2aeb-p_e.jpg,False,True,False,False,False,False,False,25.743238,1586.0,-80.252045,sqft,6885.0,850000.0,850000.0,,False,FL,3601 SW 26th St,556604.0,673476000,33133,43858571,True,,,,,,,,,,,,,,,,,
150,2.0,1.0,Miami,USA,USD,-1,FOR_SALE,FOR_SALE,CONDO,https://photos.zillowstatic.com/fp/ce6e09f4b5fe143333d8351bf348b0d3-p_e.jpg,False,True,False,False,False,False,False,25.765625,843.0,-80.19384,sqft,0.0,625000.0,625000.0,,False,FL,45 SW 9th St APT 1204,402600.0,155076000,33130,247652591,True,,Apt 1204,,,,,,,,,,,,,,,
151,4.0,5.0,Miami,USA,USD,-1,FOR_SALE,FOR_SALE,SINGLE_FAMILY,https://photos.zillowstatic.com/fp/0a2173a05ed55a7bb6e3e85ff8488e0b-p_e.jpg,False,True,False,False,False,False,False,25.590944,3363.0,-80.40432,acres,0.3670110192837466,1390000.0,1390000.0,4694.0,False,FL,13137 SW 190th St,782976.0,11991876000,33177,66178892,True,1358900.0,,1735027200000.0,-149000.0,"$149,000 (Dec 24)",,,,,,,,,,,,
152,1.0,1.0,Miami,USA,USD,-1,FOR_SALE,FOR_SALE,CONDO,https://photos.zillowstatic.com/fp/4d0f588f0479fec7e3d849a183644241-p_e.jpg,False,True,False,False,True,False,False,25.79251,791.0,-80.187126,sqft,0.0,475000.0,475000.0,,False,FL,1750 N Bayshore Dr #PENTHOUSE 5212,,16484676000,33132,446075074,True,,# Penthouse 5212,1737273600000.0,-10000.0,"$10,000 (Jan 19)",,,,,,,,,,,,
153,4.0,5.0,Miami,USA,USD,-1,FOR_SALE,FOR_SALE,SINGLE_FAMILY,https://photos.zillowstatic.com/fp/91a28dec7b42e9a6a0963041e2f5ece1-p_e.jpg,False,True,False,False,False,False,False,25.757109,2682.0,-80.23206,sqft,5450.0,1849000.0,1849000.0,5326.0,False,FL,2268 SW 16th Ter,,759876000,33145,2122012370,True,1739400.0,,,,,,,,,,,,,,,,
154,2.0,3.0,Miami,USA,USD,-1,FOR_SALE,FOR_SALE,SINGLE_FAMILY,https://photos.zillowstatic.com/fp/f33175617490ccf334d1e91df443f0be-p_e.jpg,False,True,False,False,False,False,False,25.760794,1878.0,-80.207016,sqft,5867.0,749999.0,749999.0,,False,FL,525 Beacom Blvd,,9227076000,33135,442030233,True,739000.0,,1737532800000.0,-49000.0,"$49,000 (Jan 22)",,,,,,,,,,,,
155,2.0,1.0,Miami,USA,USD,-1,FOR_SALE,FOR_SALE,CONDO,https://photos.zillowstatic.com/fp/1b132cdc15e206d2931d61d377d6e9a3-p_e.jpg,False,True,False,False,False,False,False,25.80688,622.0,-80.18732,sqft,0.0,505000.0,505000.0,,False,FL,501 NE 31st St UNIT 2902,393400.0,155076000,33137,249660080,True,,Unit 2902,,,,,,,,,,,,,,,
156,3.0,3.0,Miami,USA,USD,-1,FOR_SALE,FOR_SALE,SINGLE_FAMILY,https://photos.zillowstatic.com/fp/ba78b5bfe227b57e49470ab0cff2aa4e-p_e.jpg,False,True,False,False,False,False,False,25.768581,2732.0,-80.249344,sqft,7440.0,985000.0,985000.0,3760.0,False,FL,355 SW 33rd Ave,654772.0,155076000,33135,43841826,True,954700.0,,,,,,,,,,,,,,,,
157,3.0,4.0,Miami,USA,USD,-1,FOR_SALE,FOR_SALE,SINGLE_FAMILY,https://photos.zillowstatic.com/fp/455af6677cc5f81ccd74699f909f1d68-p_e.jpg,False,True,False,False,False,False,False,25.743378,1972.0,-80.34472,sqft,7725.0,975000.0,975000.0,4167.0,False,FL,2814 SW 92nd Ct,436539.0,155076000,33165,44194643,True,950000.0,,,,,,,,,,,,,,,,
158,3.0,4.0,Miami,USA,USD,-1,FOR_SALE,FOR_SALE,SINGLE_FAMILY,https://photos.zillowstatic.com/fp/99cbfa3fd82669209fab3fd2ef66a892-p_e.jpg,False,True,False,False,False,False,False,25.553436,2560.0,-80.40193,sqft,5000.0,685000.0,685000.0,,False,FL,12961 SW 230th St,,155076000,33170,2059012214,,,,,,,BUILDER_SPEC,True,,,,,,,,,,
159,3.0,4.0,Miami,USA,USD,-1,FOR_SALE,FOR_SALE,SINGLE_FAMILY,https://photos.zillowstatic.com/fp/df15671079224f42402dc1e5f357e3ba-p_e.jpg,False,True,False,False,False,False,False,25.596434,1554.0,-80.38853,sqft,7575.0,575000.0,575000.0,,False,FL,12120 SW 185th St,340812.0,3870276000,33177,44348856,True,,,,,,,,,,,,,,,,,
160,1.0,2.0,Miami,USA,USD,-1,FOR_SALE,FOR_SALE,CONDO,https://photos.zillowstatic.com/fp/fbf56bc1b75c5035b382e3417bf8d595-p_e.jpg,False,True,False,False,False,False,False,25.774426,836.0,-80.19176,sqft,0.0,385000.0,385000.0,2744.0,False,FL,111 E Flagler St APT 805,254600.0,155076000,33131,82413041,True,374200.0,Apt 805,,,,,,,,,,,,,,,
161,4.0,5.0,Miami,USA,USD,-1,FOR_SALE,FOR_SALE,SINGLE_FAMILY,https://photos.zillowstatic.com/fp/6b1035a1f4d7f68d56126ad809a19bfb-p_e.jpg,False,True,False,False,False,False,False,25.711697,2211.0,-80.439674,sqft,5505.0,690000.0,690000.0,4124.0,False,FL,15230 SW 58th Street,447636.0,2858492000,33193,44260308,True,691600.0,,,,,,,,,,,,,,,,
162,2.0,2.0,Miami,USA,USD,-1,FOR_SALE,FOR_SALE,CONDO,https://photos.zillowstatic.com/fp/45e1251c980434c96cd83b9bc29d2978-p_e.jpg,False,True,False,False,False,False,False,25.763376,921.0,-80.19391,sqft,0.0,699000.0,699000.0,4034.0,False,FL,1100 S Miami Ave APT 2904,511000.0,155076000,33130,121349089,True,679800.0,Apt 2904,,,,,,,,,,,,,,,
163,2.0,2.0,Miami,USA,USD,-1,FOR_SALE,FOR_SALE,CONDO,https://photos.zillowstatic.com/fp/e1427c17890878a5a5dc60fe1da2621a-p_e.jpg,False,True,False,False,False,False,False,25.808521,1096.0,-80.19249,sqft,0.0,899000.0,899000.0,,False,FL,121 NE 34th St UNIT 2104,663400.0,155076000,33137,306391533,True,,Unit 2104,,,,,,,,,,,,,,,
164,3.0,3.0,Charlotte,USA,USD,-1,FOR_SALE,FOR_SALE,SINGLE_FAMILY,https://photos.zillowstatic.com/fp/1359e6d5e284b0e2564806b7cff93bef-p_e.jpg,False,True,False,False,True,False,False,35.25944,1837.0,-80.743576,acres,0.34,385000.0,385000.0,1961.0,False,NC,5831 Eastbrook Rd,260500.0,587080000,28215,6197527,True,379900.0,,,,,,,,,,,,,,,,
165,3.0,5.0,Charlotte,USA,USD,-1,FOR_SALE,FOR_SALE,SINGLE_FAMILY,https://photos.zillowstatic.com/fp/a59b91d11ff2abf462604f8e8e108b91-p_e.jpg,False,True,False,False,True,False,False,35.08888,3058.0,-80.986565,acres,0.14,489900.0,489900.0,2631.0,False,NC,15634 Normans Landing Dr,441400.0,10695880000,28273,80461451,True,484200.0,,1729839600000.0,-9629.0,,,,,,,,,,,,,
166,3.0,3.0,Charlotte,USA,USD,-1,FOR_SALE,FOR_SALE,SINGLE_FAMILY,https://photos.zillowstatic.com/fp/eb1e227238f6e823a71040c97ad80d5a-p_e.jpg,False,True,False,False,True,False,False,35.196148,2305.0,-80.723175,acres,0.08,395000.0,395000.0,2123.0,False,NC,7010 Sycamore Grove Ct,348200.0,1105480000,28227,65047646,True,391300.0,,1737619200000.0,-5000.0,"$5,000 (Jan 23)",,,,,,,,,,,,
167,2.0,3.0,Charlotte,USA,USD,-1,FOR_SALE,FOR_SALE,SINGLE_FAMILY,https://photos.zillowstatic.com/fp/877ae6bdd323c49698cac11f67cb9d20-p_e.jpg,False,True,False,False,False,False,False,35.25641,1252.0,-80.9361,acres,0.26,299900.0,299900.0,1840.0,False,NC,5811 Rocky Mount Ct,266800.0,414280000,28214,6174119,True,296300.0,,,,,,,,,,,,,,,,
168,3.0,3.0,Charlotte,USA,USD,-1,FOR_SALE,FOR_SALE,TOWNHOUSE,https://photos.zillowstatic.com/fp/2b9fb2f010634fb35557f9fad9774d31-p_e.jpg,False,True,False,False,True,False,False,35.112694,2060.0,-80.964424,acres,0.06,358000.0,358000.0,1939.0,False,NC,11319 Savannah Creek Dr,355000.0,6462280000,28273,239886969,True,355300.0,,1737619200000.0,-1000.0,"$1,000 (Jan 23)",,,,,,,,,,,,
169,3.0,4.0,Charlotte,USA,USD,-1,FOR_SALE,FOR_SALE,SINGLE_FAMILY,https://photos.zillowstatic.com/fp/58235f7566db5e0a3893f8e5ce9023ff-p_e.jpg,False,True,False,False,True,False,False,35.16439,2923.0,-80.79132,acres,0.304,995000.0,995000.0,4061.0,False,NC,5303 Shasta Hill Ct,639200.0,7067080000,28211,6270806,True,976400.0,,,,,,,Sun. 12-2pm,,True,"[{'open_house_end': 1738533600000, 'open_house_start': 1738526400000}]",,,,,,
170,3.0,3.0,Charlotte,USA,USD,-1,FOR_SALE,FOR_SALE,TOWNHOUSE,https://photos.zillowstatic.com/fp/2568d6eb41ce5642c8e047bd66b8a386-p_e.jpg,False,True,False,False,False,False,False,35.14217,1610.0,-80.86351,acres,0.076,450000.0,450000.0,2138.0,False,NC,2442 Royal York Ave,384200.0,-104120000,28210,167057644,,425700.0,,,,,,,,True,,,1738195200000.0,,,,,
171,2.0,3.0,Charlotte,USA,USD,-1,FOR_SALE,FOR_SALE,SINGLE_FAMILY,https://photos.zillowstatic.com/fp/a3a46b80038b9282c1ee915d0e0efa7f-p_e.jpg,False,True,False,False,False,False,False,35.254356,1450.0,-80.856834,acres,0.19,279900.0,279900.0,1685.0,False,NC,2216 Tate St,314100.0,11300680000,28216,6179405,True,283200.0,,1737705600000.0,-15000.0,"$15,000 (Jan 24)",,,,,,,,,,,,
172,4.0,5.0,Charlotte,USA,USD,-1,FOR_SALE,FOR_SALE,SINGLE_FAMILY,https://photos.zillowstatic.com/fp/a18dd7d5b03e731c4d31c600471564c7-p_e.jpg,False,True,False,False,True,False,False,35.34459,3881.0,-80.74882,acres,0.31,650000.0,650000.0,3144.0,False,NC,2111 Priory Ct,547300.0,7239880000,28262,65004605,True,640500.0,,,,,,,,,,,,,,,,
173,4.0,4.0,Charlotte,USA,USD,-1,FOR_SALE,FOR_SALE,SINGLE_FAMILY,https://photos.zillowstatic.com/fp/c8ed3aab947c58bb760cac8a50986a82-p_e.jpg,False,True,False,False,False,False,False,35.338295,2015.0,-80.878,acres,0.185,372000.0,372000.0,2323.0,False,NC,8003 Belmont Stables Dr,359800.0,1969480000,28216,125831945,True,370700.0,,1737446400000.0,-13000.0,"$13,000 (Jan 21)",,,,,,,,,,,,
174,2.0,2.0,Charlotte,USA,USD,-1,FOR_SALE,FOR_SALE,CONDO,https://photos.zillowstatic.com/fp/a9519a847d42feba451427ec0a6011bc-p_e.jpg,False,True,False,False,True,False,False,35.199383,999.0,-80.75855,,,187000.0,187000.0,1441.0,False,NC,2916 Iron Gate Ln,171517.0,1623880000,28212,6227164,True,184300.0,,,,,,,,,,,,,,,,
175,3.0,4.0,Charlotte,USA,USD,-1,FOR_SALE,FOR_SALE,SINGLE_FAMILY,https://photos.zillowstatic.com/fp/e4123b812537056975711d31b50b5f0b-p_e.jpg,False,True,False,False,False,False,False,35.32344,2161.0,-80.90791,acres,0.406,280000.0,280000.0,2397.0,False,NC,6506 Pargo Rd,232800.0,2833480000,28216,6151586,,278900.0,,1735718400000.0,-70000.0,"$70,000 (Jan 1)",BUILDER_SPEC,True,,,,,,,,,,
176,3.0,4.0,Charlotte,USA,USD,-1,FOR_SALE,FOR_SALE,SINGLE_FAMILY,https://photos.zillowstatic.com/fp/4fbf0692a49425eeb9428acb0f46e9d6-p_e.jpg,False,True,False,False,False,False,False,35.218853,1929.0,-80.68088,acres,0.49,395000.0,395000.0,1696.0,False,NC,7601 Boswell Rd,120000.0,587080000,28215,6215050,,395000.0,,,,,BUILDER_SPEC,True,,,,,,,,,,
177,3.0,4.0,Charlotte,USA,USD,-1,FOR_SALE,FOR_SALE,SINGLE_FAMILY,https://photos.zillowstatic.com/fp/3942bf1448806932b0c699c9ff3cb64c-p_e.jpg,False,True,False,False,False,False,False,35.12069,2450.0,-80.79016,acres,0.35,739900.0,739900.0,3509.0,False,NC,6737 Lancer Dr,576700.0,414280000,28226,6294404,True,726400.0,,,,,,,,,,,,,,,,
178,3.0,3.0,Charlotte,USA,USD,-1,FOR_SALE,FOR_SALE,SINGLE_FAMILY,https://photos.zillowstatic.com/fp/3d7c326871a2d9d0cbf99822a6075b57-p_e.jpg,False,True,False,False,False,False,False,35.12792,2079.0,-80.78505,acres,0.37,595000.0,595000.0,2721.0,False,NC,1419 Jules Ct,487100.0,414280000,28226,6273164,True,584900.0,,,,,,,,,,,,,,,,
179,2.0,4.0,Charlotte,USA,USD,-1,FOR_SALE,FOR_SALE,SINGLE_FAMILY,https://photos.zillowstatic.com/fp/3a5aeddc2ce012b74ce56173debb9c89-p_e.jpg,False,True,False,False,False,False,False,35.140095,1658.0,-80.840645,acres,0.27,619888.0,619888.0,2352.0,False,NC,4017 Sulkirk Rd,523000.0,327880000,28210,6265995,True,614000.0,,,,,,,Sun. 1-3pm,,True,"[{'open_house_end': 1738537200000, 'open_house_start': 1738530000000}]",,,,,,
180,3.0,3.0,Charlotte,USA,USD,-1,FOR_SALE,FOR_SALE,TOWNHOUSE,https://photos.zillowstatic.com/fp/073ead07f8a5b7f0d60ff0d5cf16ae50-p_e.jpg,False,True,False,True,False,False,False,35.283596,1567.0,-80.92784,acres,0.25,297000.0,297000.0,2178.0,False,NC,314 Morningside Rd,51600.0,14583880000,28214,2055535082,,297000.0,,1736841600000.0,-2000.0,"$2,000 (Jan 14)",BUILDER_SPEC,True,,,,,,,,,30183462,
181,2.0,3.0,Charlotte,USA,USD,-1,FOR_SALE,FOR_SALE,SINGLE_FAMILY,https://photos.zillowstatic.com/fp/501cc21221ce4521dbd47f6e8b01285b-p_e.jpg,False,True,False,False,False,False,False,35.08316,2016.0,-80.867714,acres,0.3,399900.0,399900.0,2660.0,False,NC,11307 Park Rd,346800.0,13201480000,28226,6309712,True,405200.0,,1737705600000.0,-15100.0,"$15,100 (Jan 24)",,,,,,,,,,,,
182,4.0,4.0,Charlotte,USA,USD,-1,FOR_SALE,FOR_SALE,SINGLE_FAMILY,https://photos.zillowstatic.com/fp/fe738f4f1a91a5cf974f479284861b4c-p_e.jpg,False,True,False,False,False,False,False,35.03551,4145.0,-80.78728,acres,0.47,1899000.0,1899000.0,4728.0,False,NC,12217 Pine Valley Club Dr,1065600.0,414280000,28277,6328089,True,1841100.0,,,,,,,,,,,,,,,,
183,3.0,4.0,Charlotte,USA,USD,-1,FOR_SALE,FOR_SALE,SINGLE_FAMILY,https://photos.zillowstatic.com/fp/2d79dceea51a5752218b3727479aac24-p_e.jpg,False,True,False,False,False,False,False,35.311077,2120.0,-80.94229,acres,0.187,373000.0,373000.0,2051.0,False,NC,9150 Austin Ridge Ln,348300.0,1451080000,28214,80451615,True,370100.0,,,,,,,,,,,,,,,,
184,3.0,4.0,Charlotte,USA,USD,-1,FOR_SALE,FOR_SALE,SINGLE_FAMILY,https://photos.zillowstatic.com/fp/e3f394517fead69b846a240ca3aa5edd-p_e.jpg,False,True,False,False,False,False,False,35.348083,2101.0,-80.78321,acres,0.29,437900.0,437900.0,2117.0,False,NC,4118 Garden Grove Ln,372200.0,8276680000,28269,6141096,True,436800.0,,1737705600000.0,-7000.0,"$7,000 (Jan 24)",,,,,,,,,,,,
185,3.0,4.0,Charlotte,USA,USD,-1,FOR_SALE,FOR_SALE,SINGLE_FAMILY,https://photos.zillowstatic.com/fp/07f04df03bf1258b5cf29d2bc4678af3-p_e.jpg,False,True,False,False,False,False,False,35.162968,2215.0,-80.77806,acres,0.43,799900.0,799900.0,3054.0,False,NC,5910 Grosner Pl,607700.0,500680000,28211,6270978,True,781000.0,,,,,,,,,,,,,,,,
186,4.0,5.0,Charlotte,USA,USD,-1,FOR_SALE,FOR_SALE,SINGLE_FAMILY,https://photos.zillowstatic.com/fp/cf9e3035a81ad1b9b6e7bd4a83ff1de5-p_e.jpg,False,True,False,False,False,False,False,35.12231,3710.0,-80.80073,acres,0.34,1150000.0,1150000.0,4791.0,False,NC,4120 Saint Timms Ct,1193300.0,500680000,28226,6299552,True,1120600.0,,,,,,,,,,,,,,,,
187,4.0,4.0,Charlotte,USA,USD,-1,FOR_SALE,FOR_SALE,SINGLE_FAMILY,https://photos.zillowstatic.com/fp/403a20c3df9310b8b4124c6877ec23d9-p_e.jpg,False,True,False,False,False,False,False,35.03585,2539.0,-80.85072,acres,0.103,590000.0,590000.0,2697.0,False,NC,11612 Kingsley View Dr,501100.0,9486280000,28277,65029157,True,590600.0,,,,,,,,,,,,,,,,
188,4.0,4.0,Charlotte,USA,USD,-1,FOR_SALE,FOR_SALE,SINGLE_FAMILY,https://photos.zillowstatic.com/fp/326d4e3982e35dc18eadc1b767eab032-p_e.jpg,False,True,False,False,True,False,False,35.066563,2365.0,-81.05423,acres,0.36,640000.0,640000.0,3303.0,False,NC,16303 Cozy Cove Rd,521600.0,68680000,28278,167057048,True,633700.0,,,,,,,,,,,,,,,,
189,1.0,2.0,Charlotte,USA,USD,-1,FOR_SALE,FOR_SALE,SINGLE_FAMILY,https://photos.zillowstatic.com/fp/35d6e61629b03de58d2bfd0d64fa7821-p_e.jpg,False,True,False,False,False,False,False,35.229397,1027.0,-80.82266,acres,0.189,375000.0,375000.0,1996.0,False,NC,835 Belmont Ave,394700.0,932680000,28205,6186965,True,369600.0,,,,,,,,,,,,,,,,
190,3.0,4.0,Charlotte,USA,USD,-1,FOR_SALE,FOR_SALE,SINGLE_FAMILY,https://photos.zillowstatic.com/fp/436d8cdb1e8bceafc6b9bbf49a7cf7ca-p_e.jpg,False,True,False,False,False,False,False,35.04581,2040.0,-80.814575,acres,0.38,475000.0,475000.0,,False,NC,11700 Parks Farm Ln,441100.0,1105480000,28277,6327387,True,,,,,,,,,,,,,,,,,
191,2.0,3.0,Charlotte,USA,USD,-1,FOR_SALE,FOR_SALE,SINGLE_FAMILY,https://photos.zillowstatic.com/fp/d6fed7610b54a4634c493400585454ef-p_e.jpg,False,True,False,False,False,False,False,35.20211,2069.0,-80.76763,acres,0.2439,650000.0,650000.0,,False,NC,1201 Pierson Dr,385400.0,1019080000,28205,6226440,True,,,,,,,,Tue. 8am-7pm,,True,"[{'open_house_end': 1738119600000, 'open_house_start': 1738080000000}, {'open_house_end': 1738206000000, 'open_house_start': 1738166400000}, {'open_house_end': 1738292400000, 'open_house_start': 1738252800000}]",,,,,,
192,3.0,4.0,Charlotte,USA,USD,-1,FOR_SALE,FOR_SALE,SINGLE_FAMILY,https://photos.zillowstatic.com/fp/be7264b3ef580250027263ee6f0c3c22-p_e.jpg,False,True,False,False,False,False,False,35.173344,2571.0,-80.7221,acres,0.47,450000.0,450000.0,2311.0,False,NC,9005 Jaldena Dr,320000.0,327880000,28227,6276738,True,442900.0,,,,,,,,,,,,,,,,
193,4.0,5.0,Charlotte,USA,USD,-1,FOR_SALE,FOR_SALE,SINGLE_FAMILY,https://photos.zillowstatic.com/fp/0b18def7b3f66b86b0ddff4ce8affafe-p_e.jpg,False,True,False,False,False,False,False,35.309734,2000.0,-80.81996,acres,0.11,335000.0,335000.0,2253.0,False,NC,4812 Gibbons Link Rd,378400.0,3697480000,28269,244117457,True,334300.0,,1737705600000.0,-10000.0,"$10,000 (Jan 24)",,,,,,,,,,,,
194,3.0,5.0,Charlotte,USA,USD,-1,FOR_SALE,FOR_SALE,SINGLE_FAMILY,https://photos.zillowstatic.com/fp/e797a51d8dc8f258479a1aba9ca3ef1f-p_e.jpg,False,True,False,False,False,False,False,35.249218,2438.0,-80.710556,acres,0.14,494000.0,494000.0,2595.0,False,NC,8611 Frank Grier Rd #1,,15879880000,28215,2052926425,,493600.0,# 1,1737360000000.0,1500.0,,BUILDER_SPEC,True,,,,,,,,,,
195,3.0,4.0,Charlotte,USA,USD,-1,FOR_SALE,FOR_SALE,SINGLE_FAMILY,https://photos.zillowstatic.com/fp/02115636554a3e00102d9e56ba2c7215-p_e.jpg,False,True,False,False,False,False,False,35.293896,2033.0,-80.936424,acres,0.25,400000.0,400000.0,1998.0,False,NC,343 Cottonwood Park Dr,328100.0,241480000,28214,6150560,True,394900.0,,,,,,,,,,,,,,,,
196,8.0,6.0,Charlotte,USA,USD,-1,FOR_SALE,FOR_SALE,SINGLE_FAMILY,https://photos.zillowstatic.com/fp/306122146b6cfd35894f0b47567b501a-p_e.jpg,False,True,False,False,False,False,False,35.197994,7369.0,-80.81728,acres,0.64,7500000.0,7500000.0,5522.0,False,NC,413 Eastover Rd,5235670.0,587080000,28207,6246989,True,7009500.0,,,,,,,,,,,,,,,,
197,3.0,3.0,Charlotte,USA,USD,-1,FOR_SALE,FOR_SALE,TOWNHOUSE,https://photos.zillowstatic.com/fp/828ec19beaea5964a17035c6000dbdbb-p_e.jpg,False,True,False,False,False,False,False,35.03217,1741.0,-80.81382,,,425000.0,425000.0,2227.0,False,NC,9805 Carson Whitley Ave,401500.0,500680000,28277,167016452,True,423300.0,,,,,,,,,,,,,,,,
198,2.0,3.0,Matthews,USA,USD,-1,FOR_SALE,FOR_SALE,SINGLE_FAMILY,https://photos.zillowstatic.com/fp/356d9c68976438f88f9906529a2af577-p_e.jpg,False,True,False,False,False,False,False,35.16341,2144.0,-80.716125,acres,0.43,449000.0,449000.0,2336.0,False,NC,3703 Margaret Wallace Rd,336800.0,6116680000,28105,65050945,True,439100.0,,,,,,,,,,,,,,,,
199,2.0,3.0,Charlotte,USA,USD,-1,FOR_SALE,FOR_SALE,SINGLE_FAMILY,https://photos.zillowstatic.com/fp/59044963f35e5709f7d44d91d771821f-p_e.jpg,False,True,False,False,False,False,False,35.226715,1629.0,-80.77875,acres,0.284,635000.0,635000.0,2334.0,False,NC,2008 Townsend Ave,544000.0,1105480000,28205,6194308,True,628800.0,,,,,,,Sat. 11am-1pm,,True,"[{'open_house_end': 1738443600000, 'open_house_start': 1738436400000}]",,,,,,
200,2.0,3.0,Charlotte,USA,USD,-1,FOR_SALE,FOR_SALE,SINGLE_FAMILY,https://photos.zillowstatic.com/fp/17b59644a799a373509b3572299fa781-p_e.jpg,False,True,False,False,False,False,False,35.343166,1540.0,-80.87656,acres,0.21,324750.0,324750.0,2125.0,False,NC,8537 Woodford Bridge Dr,300000.0,5166280000,28216,6138820,True,322500.0,,1737360000000.0,-150.0,$150 (Jan 20),,,,,,,,,,,,
201,2.0,3.0,Charlotte,USA,USD,-1,FOR_SALE,FOR_SALE,SINGLE_FAMILY,https://photos.zillowstatic.com/fp/5f9b7c6f74dbe12703d18ce5a21ae72d-p_e.jpg,False,True,False,False,False,False,False,35.292225,1346.0,-80.784096,acres,0.45,225000.0,225000.0,1834.0,False,NC,7119 Neal Rd,229700.0,1191880000,28262,6162421,True,223800.0,,1737705600000.0,-25000.0,"$25,000 (Jan 24)",,,,,,,,,,,,
202,3.0,4.0,Charlotte,USA,USD,-1,FOR_SALE,FOR_SALE,SINGLE_FAMILY,https://photos.zillowstatic.com/fp/9896970ec52f256fcd9aa930ae7f25a4-p_e.jpg,False,True,False,False,False,False,False,35.15406,2798.0,-80.80838,acres,0.438,1650000.0,1650000.0,4270.0,False,NC,3821 Silver Bell Dr,1232900.0,759880000,28211,6269323,True,1618600.0,,,,,,,,,,,,,,,,
203,3.0,3.0,Charlotte,USA,USD,-1,FOR_SALE,FOR_SALE,SINGLE_FAMILY,https://photos.zillowstatic.com/fp/f280078c018b4153eb2b92e96977c605-p_e.jpg,False,True,False,False,True,False,False,35.192055,1782.0,-80.72026,acres,0.3,325000.0,325000.0,,False,NC,5328 Caradon Dr,318300.0,1191880000,28227,6229482,True,,,,,,,,,,,,,,,,,
204,3.0,4.0,Charlotte,USA,USD,-1,FOR_SALE,FOR_SALE,SINGLE_FAMILY,https://photos.zillowstatic.com/fp/cc97f609db1da3d2290b79848c7f2414-p_e.jpg,False,True,False,False,False,False,False,35.150753,2625.0,-80.97307,sqft,8276.4,479000.0,479000.0,2430.0,False,NC,7306 Rupell Dr,447000.0,129374000,28273,249015916,True,473800.0,,,,,,,Sat. 12-3pm,,True,"[{'open_house_end': 1738450800000, 'open_house_start': 1738440000000}, {'open_house_end': 1738537200000, 'open_house_start': 1738526400000}]",,,,,,
205,3.0,3.0,Charlotte,USA,USD,-1,FOR_SALE,FOR_SALE,SINGLE_FAMILY,https://photos.zillowstatic.com/fp/3043a5465dc45358a3a730048ad664db-p_e.jpg,False,True,False,False,False,False,False,35.04304,2095.0,-80.85993,acres,0.15,530000.0,530000.0,2579.0,False,NC,15011 Edindale Dr,428300.0,500682000,28277,54498751,True,524000.0,,,,,,,,,,,,,,,,
206,8.0,6.0,Charlotte,USA,USD,-1,FOR_SALE,FOR_SALE,SINGLE_FAMILY,https://photos.zillowstatic.com/fp/0c93a76311e288178721394f500be767-p_e.jpg,False,True,False,False,False,False,False,35.138752,8152.0,-80.805885,acres,0.73,6495000.0,6495000.0,7680.0,False,NC,2105 La Gorce Dr,,7412682000,28226,351766880,True,6233500.0,,1737100800000.0,-204999.0,"$204,999 (Jan 17)",,,,,,,,,,,,
207,3.0,3.0,Charlotte,USA,USD,-1,FOR_SALE,FOR_SALE,SINGLE_FAMILY,https://photos.zillowstatic.com/fp/7ca4b088745cb93e1c2ab8a9a064d9bf-p_e.jpg,False,True,False,False,False,False,False,35.20041,1494.0,-80.69017,acres,0.297,328000.0,328000.0,1826.0,False,NC,5938 Scots Bluff Dr,325100.0,10609482000,28227,6214103,True,324900.0,,1732262400000.0,-12000.0,"$12,000 (Nov 22)",,,,,,,,,,,,
208,1.0,3.0,Charlotte,USA,USD,-1,FOR_SALE,FOR_SALE,SINGLE_FAMILY,https://photos.zillowstatic.com/fp/60ca32c36052bbd1b232794158a5ac55-p_e.jpg,False,True,False,False,False,False,False,35.290134,1000.0,-80.87402,acres,0.25,213500.0,213500.0,1579.0,False,NC,725 Lightspun Ln,168600.0,4820682000,28216,6156525,,210400.0,,,,,,,,,,,,,,,,True
209,2.0,3.0,Charlotte,USA,USD,-1,FOR_SALE,FOR_SALE,CONDO,https://photos.zillowstatic.com/fp/f2beb0077aad19dbb6e0bcfdd13d92d6-p_e.jpg,False,True,False,False,False,False,False,35.21712,2220.0,-80.85234,,,1295000.0,1295000.0,3415.0,False,NC,315 Arlington Ave UNIT 2201,677243.0,759882000,28203,63813607,True,1257200.0,Unit 2201,,,,,,,,,,,,,,,
210,2.0,3.0,Charlotte,USA,USD,-1,FOR_SALE,FOR_SALE,SINGLE_FAMILY,https://photos.zillowstatic.com/fp/bb9da6807796a5b0842ff429cfed54de-p_e.jpg,False,True,False,False,False,False,False,35.289845,1211.0,-80.931755,acres,0.19,310000.0,310000.0,,False,NC,8035 Bristle Ln,265800.0,1019082000,28214,64999503,True,,,,,,,,,,,,,,,,,
211,3.0,3.0,Charlotte,USA,USD,-1,FOR_SALE,FOR_SALE,SINGLE_FAMILY,https://photos.zillowstatic.com/fp/8345b854b49305d44c40a09f91c7507c-p_e.jpg,False,True,False,False,False,False,False,35.129963,1960.0,-80.78178,acres,0.3,639000.0,639000.0,2864.0,False,NC,501 River Oaks Ln,475800.0,155082000,28226,6273139,True,628300.0,,,,,,,,,,,,,,,,
212,2.0,4.0,Charlotte,USA,USD,-1,FOR_SALE,FOR_SALE,SINGLE_FAMILY,https://photos.zillowstatic.com/fp/e0cada173ebe71ea8c2e758583bb041a-p_e.jpg,False,True,False,False,False,False,False,35.34048,1961.0,-80.87397,acres,0.23,364900.0,364900.0,2224.0,False,NC,7825 Royce Hall Ln,331900.0,8276682000,28216,6139407,True,361900.0,,,,,,,,,,,,,,,,
213,3.0,4.0,Charlotte,USA,USD,-1,FOR_SALE,FOR_SALE,SINGLE_FAMILY,https://photos.zillowstatic.com/fp/0bdd09f6a5fd16efeb521fe9d8020617-p_e.jpg,False,True,False,False,False,False,False,35.098717,2951.0,-81.03512,acres,0.4,710000.0,710000.0,2699.0,False,NC,15816 Feeny Ct,541100.0,155082000,28278,6282422,True,698300.0,,,,,,,Sat. 1-4pm,,True,"[{'open_house_end': 1738454400000, 'open_house_start': 1738443600000}]",,,,,,
214,3.0,3.0,Charlotte,USA,USD,-1,FOR_SALE,FOR_SALE,SINGLE_FAMILY,https://photos.zillowstatic.com/fp/76bafe193a1ead21f6bb96ed0d40f0f2-p_e.jpg,False,True,False,False,False,False,False,35.212986,1689.0,-80.90532,acres,0.45,449900.0,449900.0,2362.0,False,NC,2636 Elmin St,375200.0,414282000,28208,6219403,True,445700.0,,,,,,,,,,,,,,,,
215,3.0,4.0,Charlotte,USA,USD,-1,FOR_SALE,FOR_SALE,SINGLE_FAMILY,https://photos.zillowstatic.com/fp/864d4f1791f8522412255edfd8e35f8b-p_e.jpg,False,True,False,False,False,False,False,35.199387,1853.0,-80.856575,acres,0.27,1100000.0,1100000.0,5012.0,False,NC,716 Ideal Way,844100.0,414282000,28203,6240706,True,1071700.0,,,,,,,,,,,,,,,,
216,2.0,2.0,Charlotte,USA,USD,-1,FOR_SALE,FOR_SALE,CONDO,https://photos.zillowstatic.com/fp/462f26e2fff868a955401fb0f031ac26-p_e.jpg,False,True,False,False,False,False,False,35.23064,934.0,-80.84331,,,349999.0,349999.0,1996.0,False,NC,229 N Poplar St APT 16,303835.0,1623882000,28202,6184473,True,343700.0,Apt 16,,,,,,Sat. 12-3pm,,True,"[{'open_house_end': 1738450800000, 'open_house_start': 1738440000000}, {'open_house_end': 1738537200000, 'open_house_start': 1738530000000}]",,,,,,
217,3.0,4.0,Charlotte,USA,USD,-1,FOR_SALE,FOR_SALE,SINGLE_FAMILY,https://photos.zillowstatic.com/fp/3e6fda750df620a03a2057b5a7ef3939-p_e.jpg,False,True,False,False,False,False,False,35.13181,3502.0,-80.76107,acres,0.38,800000.0,800000.0,3656.0,False,NC,100 Samuel Guilford Ct,577300.0,11991882000,28270,6301552,True,796200.0,,1733385600000.0,-30000.0,"$30,000 (Dec 5)",,,,,,,,,,,,
218,3.0,4.0,Charlotte,USA,USD,-1,FOR_SALE,FOR_SALE,SINGLE_FAMILY,https://photos.zillowstatic.com/fp/c98788f88a81978645df4b12fc565d31-p_e.jpg,False,True,False,False,False,False,False,35.340164,1542.0,-80.88106,acres,0.2777,356000.0,356000.0,2126.0,False,NC,8117 Aqueduct Ct,281200.0,8881482000,28216,64941042,True,354000.0,,,,,,,Tue. 8am-7pm,,True,"[{'open_house_end': 1738119600000, 'open_house_start': 1738080000000}, {'open_house_end': 1738206000000, 'open_house_start': 1738166400000}, {'open_house_end': 1738292400000, 'open_house_start': 1738252800000}, {'open_house_end': 1738378800000, 'open_house_start': 1738339200000}]",,,,,,
219,3.0,3.0,Charlotte,USA,USD,-1,FOR_SALE,FOR_SALE,SINGLE_FAMILY,https://photos.zillowstatic.com/fp/95ead7c1fde606ca88605b9f5d71f9a0-p_e.jpg,False,True,False,False,False,False,False,35.14214,2013.0,-80.86705,acres,0.253,595000.0,595000.0,2370.0,False,NC,6514 Highwood Pl,419600.0,155082000,28210,6260194,True,587200.0,,,,,,,Fri. 11:30am-2:30pm,,True,"[{'open_house_end': 1738362600000, 'open_house_start': 1738351800000}, {'open_house_end': 1738447200000, 'open_house_start': 1738440000000}]",,,,,,
220,4.0,5.0,Charlotte,USA,USD,-1,FOR_SALE,FOR_SALE,SINGLE_FAMILY,https://photos.zillowstatic.com/fp/cf422872c036a490d3e1189e2fa63f24-p_e.jpg,False,True,False,False,False,False,False,35.055977,3553.0,-81.04292,acres,0.371,1299000.0,1299000.0,,False,NC,17909 Wilbanks Dr,375000.0,327882000,28278,442961556,,1276700.0,,,,,BUILDER_SPEC,True,,,,,,,,,,
221,3.0,4.0,Charlotte,USA,USD,-1,FOR_SALE,FOR_SALE,SINGLE_FAMILY,https://photos.zillowstatic.com/fp/44512defdff360b3432a83f89db1fe7f-p_e.jpg,False,True,False,False,False,False,False,35.285538,1744.0,-80.86893,acres,0.13,345000.0,345000.0,2097.0,False,NC,1309 Winding Branch Ct,313500.0,1019082000,28216,65006590,True,342500.0,,,,,,,,,,,,,,,,
222,8.0,6.0,Charlotte,USA,USD,-1,FOR_SALE,FOR_SALE,SINGLE_FAMILY,https://photos.zillowstatic.com/fp/7ec8d5e870aa8810cd7bcc0537f5e0dd-p_e.jpg,False,True,False,False,False,False,False,35.169132,13919.0,-80.825195,acres,1.4,13950000.0,13950000.0,6967.0,False,NC,2116 Woodhaven Rd,5821200.0,10091082000,28211,6263349,True,12903300.0,,,,,,,,,,,,,,,,
223,3.0,4.0,Charlotte,USA,USD,-1,FOR_SALE,FOR_SALE,CONDO,https://photos.zillowstatic.com/fp/91d3285659405cc90a3b4ba1a16b218f-p_e.jpg,False,True,False,False,False,False,False,35.170944,2741.0,-80.87378,acres,0.33,860000.0,860000.0,4212.0,False,NC,5000 Baylor Dr,300000.0,16830282000,28210,6257197,True,,,,,,,,,,,,,,,,,
224,3.0,3.0,Charlotte,USA,USD,-1,FOR_SALE,FOR_SALE,SINGLE_FAMILY,https://photos.zillowstatic.com/fp/add57d556f91ae761dde73195641166a-p_e.jpg,False,True,False,False,False,False,False,35.32391,1555.0,-80.886536,acres,0.221,325000.0,325000.0,1896.0,False,NC,2111 Bennett Woods Ct,274700.0,155082000,28216,65035965,True,324300.0,,,,,,,,,,,,,,,,
225,3.0,0.0,Charlotte,USA,USD,-1,FOR_SALE,FOR_SALE,SINGLE_FAMILY,https://photos.zillowstatic.com/fp/215353e225b6d7eb0ff94252e2b0b649-p_e.jpg,False,True,False,False,False,False,False,35.156277,1566.0,-80.92812,acres,0.28,215000.0,215000.0,1947.0,False,NC,2701 Olde Whitehall Rd,347100.0,587082000,28273,6284647,True,214300.0,,,,,,,,,,,,,,,,
226,2.0,3.0,Charlotte,USA,USD,-1,FOR_SALE,FOR_SALE,SINGLE_FAMILY,https://photos.zillowstatic.com/fp/21cf15a2ac744958b74ae255bb39ccf1-p_e.jpg,False,True,False,False,False,False,False,35.329124,1420.0,-80.707115,acres,0.1565,331000.0,331000.0,1905.0,False,NC,811 Reigate Rd,311600.0,327882000,28262,65021867,True,326800.0,,,,,,,Tue. 8am-7pm,,True,"[{'open_house_end': 1738119600000, 'open_house_start': 1738080000000}, {'open_house_end': 1738206000000, 'open_house_start': 1738166400000}, {'open_house_end': 1738292400000, 'open_house_start': 1738252800000}, {'open_house_end': 1738378800000, 'open_house_start': 1738339200000}, {'open_house_end': 1738465200000, 'open_house_start': 1738425600000}, {'open_house_end': 1738551600000, 'open_house_start': 1738512000000}, {'open_house_end': 1738638000000, 'open_house_start': 1738598400000}]",,,,,,
227,5.0,4.0,Charlotte,USA,USD,-1,FOR_SALE,FOR_SALE,TOWNHOUSE,https://photos.zillowstatic.com/fp/e30c3826ec213fa0da62509a5b00787f-p_e.jpg,False,True,False,False,False,False,False,35.17909,4201.0,-80.844955,acres,0.18,2400000.0,2400000.0,5278.0,False,NC,3027 Westfield Rd,699900.0,500682000,28209,6245084,True,,,,,,,,,,,,,,,,,
228,4.0,3.0,Charlotte,USA,USD,-1,FOR_SALE,FOR_SALE,TOWNHOUSE,https://photos.zillowstatic.com/fp/6e52d2e161f7b08f86f4aca2a381346e-p_e.jpg,False,True,False,False,True,False,False,35.243153,1720.0,-80.85998,acres,0.27,635000.0,635000.0,2649.0,False,NC,1927 W Trade St,,1019082000,28216,2069963065,True,635200.0,,,,,,,,,,,,,,,,
229,1.0,2.0,Charlotte,USA,USD,-1,FOR_SALE,FOR_SALE,CONDO,https://photos.zillowstatic.com/fp/d1604763815fcd3817f55395d89946e5-p_e.jpg,False,True,False,False,False,False,False,35.169186,829.0,-80.84508,,,285000.0,285000.0,,False,NC,512 Wakefield Dr,,414282000,28209,446203061,True,,,,,,,,Sat. 1-3pm,,True,"[{'open_house_end': 1738450800000, 'open_house_start': 1738443600000}]",,,,,,
230,3.0,5.0,Charlotte,USA,USD,-1,FOR_SALE,FOR_SALE,SINGLE_FAMILY,https://photos.zillowstatic.com/fp/6a6cbaffa3337e1f114f94a640964f3e-p_e.jpg,False,True,False,False,False,False,False,35.357307,2575.0,-80.783165,acres,0.34,445000.0,445000.0,2444.0,False,NC,12408 High Valley Ln,421600.0,1710282000,28269,6141926,True,441800.0,,,,,,,,,,,,,,,,
231,4.0,4.0,Charlotte,USA,USD,-1,FOR_SALE,FOR_SALE,SINGLE_FAMILY,https://photos.zillowstatic.com/fp/a20a34995461f14af4963ecf721d3bfc-p_e.jpg,False,True,False,False,False,False,False,35.227306,3346.0,-80.780304,acres,0.46,1295000.0,1295000.0,4067.0,False,NC,1823 Bentley Pl,610300.0,3956682000,28205,6194294,True,1244800.0,,,,,,,,,,,,,,,,
232,5.0,5.0,Charlotte,USA,USD,-1,FOR_SALE,FOR_SALE,SINGLE_FAMILY,https://photos.zillowstatic.com/fp/0baf44a132697688db7110985bec5a89-p_e.jpg,False,True,False,False,False,False,False,35.070827,4416.0,-81.04165,acres,0.43,1175000.0,1175000.0,3949.0,False,NC,13204 Feale Ct,905000.0,414282000,28278,167055900,True,1144700.0,,,,,,,,,,,,,,,,
233,4.0,6.0,Matthews,USA,USD,-1,FOR_SALE,FOR_SALE,SINGLE_FAMILY,https://photos.zillowstatic.com/fp/0356df067124d620f1cf3fe9577ddbab-p_e.jpg,False,True,False,False,False,False,False,35.07353,5673.0,-80.7206,acres,0.266,775000.0,775000.0,,False,NC,4225 Nathaniel Glen Ct,583600.0,414282000,28105,65040632,True,,,,,,,,,,,,,,,,,
234,3.0,4.0,Charlotte,USA,USD,-1,FOR_SALE,FOR_SALE,SINGLE_FAMILY,https://photos.zillowstatic.com/fp/0dc6c71a7a58238885c9faac67acd62a-p_e.jpg,False,True,False,False,False,False,False,35.153378,1727.0,-80.88366,acres,0.25,485900.0,485900.0,2216.0,False,NC,1001 Archdale Dr,313400.0,327882000,28217,6255837,True,479700.0,,,,,,,,,,,,,,,,
235,2.0,4.0,Charlotte,USA,USD,-1,FOR_SALE,FOR_SALE,SINGLE_FAMILY,https://photos.zillowstatic.com/fp/198b5dfcd7e17fdae7acffcdec74ec1d-p_e.jpg,False,True,False,False,False,False,False,35.208824,1250.0,-80.9005,acres,0.16,280000.0,280000.0,1655.0,False,NC,3004 Ridge Ave,293600.0,8967882000,28208,6239868,True,276400.0,,1736496000000.0,-10000.0,"$10,000 (Jan 10)",,,,,,,,,,,,
236,5.0,4.0,Charlotte,USA,USD,-1,FOR_SALE,FOR_SALE,SINGLE_FAMILY,https://photos.zillowstatic.com/fp/5bc0b8e8eb953e31b77d73f418f23395-p_e.jpg,False,True,False,False,False,False,False,35.17706,3383.0,-80.83894,acres,0.26,1750000.0,1750000.0,5057.0,False,NC,2625 Croydon Rd,1640400.0,500682000,28209,6245140,True,1738800.0,,,,,,,,,,,,,,,,
237,2.0,3.0,Charlotte,USA,USD,-1,FOR_SALE,FOR_SALE,SINGLE_FAMILY,https://photos.zillowstatic.com/fp/6952340290cd343b6b6d2c9731211d9a-p_e.jpg,False,True,False,False,False,False,False,35.183327,1205.0,-80.73384,acres,0.39,289000.0,289000.0,1813.0,False,NC,7025 Bluff Wood Cv,259400.0,19508682000,28212,6253317,True,288800.0,,1728975600000.0,-10000.0,,,,,,,,,,,,,
238,3.0,2.0,Charlotte,USA,USD,-1,FOR_SALE,FOR_SALE,TOWNHOUSE,https://photos.zillowstatic.com/fp/b5895d65a08867a07317ab39e01f6c22-p_e.jpg,False,True,False,False,True,False,False,35.25158,1368.0,-80.8698,,,430000.0,430000.0,,False,NC,318 Simeon Dr,431100.0,6548682000,28208,402824892,True,426500.0,,,,,,,,,,,,,,,,
239,3.0,5.0,Charlotte,USA,USD,-1,FOR_SALE,FOR_SALE,SINGLE_FAMILY,https://photos.zillowstatic.com/fp/85a8d7d3a2612055a67c83a2d6c9f659-p_e.jpg,False,True,False,False,False,False,False,35.119965,2538.0,-81.026825,acres,0.24,429900.0,429900.0,2656.0,False,NC,14312 Crown Harbor Dr,399900.0,8276682000,28278,6283281,True,428300.0,,1733558400000.0,-10000.0,"$10,000 (Dec 7)",,,,,,,,,,,,
240,3.0,4.0,Charlotte,USA,USD,-1,FOR_SALE,FOR_SALE,SINGLE_FAMILY,https://photos.zillowstatic.com/fp/e4297df6ceee3beda8619fab77ec0215-p_e.jpg,False,True,False,False,False,False,False,35.343815,4551.0,-80.81266,acres,0.26,569900.0,569900.0,3681.0,False,NC,4907 Foxbriar Trl,,414282000,28269,2075449121,True,565800.0,,,,,,,,,,,,,,,,
241,4.0,4.0,Charlotte,USA,USD,-1,FOR_SALE,FOR_SALE,SINGLE_FAMILY,https://photos.zillowstatic.com/fp/f80512c997729e64a576697709e09297-p_e.jpg,False,True,False,False,False,False,False,35.164577,3120.0,-80.84378,acres,0.27,985000.0,985000.0,4244.0,False,NC,3453 Selwyn Ave,906700.0,1191882000,28209,6263720,True,978600.0,,1722495600000.0,-65000.0,,,,,,,,,,,,,
242,3.0,4.0,Charlotte,USA,USD,-1,FOR_SALE,FOR_SALE,SINGLE_FAMILY,https://photos.zillowstatic.com/fp/5191095ccffbb9480e7a302a31ae8f6a-p_e.jpg,False,True,False,False,False,False,False,35.29588,1961.0,-80.732315,acres,0.36,365000.0,365000.0,2628.0,False,NC,1615 Bonnie Ln,284500.0,155082000,28213,6164424,True,363800.0,,,,,,,,,,,,,,,,
243,3.0,3.0,Charlotte,USA,USD,-1,FOR_SALE,FOR_SALE,SINGLE_FAMILY,https://photos.zillowstatic.com/fp/c254ae7778e6fe5823fc01c2255ee2a5-p_e.jpg,False,True,False,False,False,False,False,35.24145,1803.0,-80.63014,acres,0.45,415000.0,415000.0,1974.0,False,NC,13010 Marlstone Ln,388600.0,587082000,28215,6215463,True,409700.0,,,,,,,,,,,,,,,,
244,2.0,3.0,Charlotte,USA,USD,-1,FOR_SALE,FOR_SALE,SINGLE_FAMILY,https://photos.zillowstatic.com/fp/e794d317bfd2fd9aa2c4df71fec7fd81-p_e.jpg,False,True,False,False,False,False,False,35.21868,1648.0,-80.7934,acres,0.28,715000.0,715000.0,2380.0,False,NC,1632 Arnold Dr,584100.0,1364682000,28205,6196229,True,704200.0,,,,,,,,,,,,,,,,
245,3.0,4.0,Charlotte,USA,USD,-1,FOR_SALE,FOR_SALE,SINGLE_FAMILY,https://photos.zillowstatic.com/fp/a6c9d93989f3263d45a2e6764eca0d9f-p_e.jpg,False,True,False,False,False,False,False,35.037903,2402.0,-80.80976,acres,0.22,600000.0,600000.0,2897.0,False,NC,9718 Mitchell Glen Dr,536700.0,2142282000,28277,6327017,True,603300.0,,,,,,,,,,,,,,,,
